-- MySQL dump 10.13  Distrib 5.6.24, for Win32 (x86)
--
-- Host: 37.187.172.240    Database: h5277c_sn
-- ------------------------------------------------------
-- Server version	5.5.52-cll

/*!40101 SET @OLD_CHARACTER_SET_CLIENT=@@CHARACTER_SET_CLIENT */;
/*!40101 SET @OLD_CHARACTER_SET_RESULTS=@@CHARACTER_SET_RESULTS */;
/*!40101 SET @OLD_COLLATION_CONNECTION=@@COLLATION_CONNECTION */;
/*!40101 SET NAMES utf8 */;
/*!40103 SET @OLD_TIME_ZONE=@@TIME_ZONE */;
/*!40103 SET TIME_ZONE='+00:00' */;
/*!40014 SET @OLD_UNIQUE_CHECKS=@@UNIQUE_CHECKS, UNIQUE_CHECKS=0 */;
/*!40014 SET @OLD_FOREIGN_KEY_CHECKS=@@FOREIGN_KEY_CHECKS, FOREIGN_KEY_CHECKS=0 */;
/*!40101 SET @OLD_SQL_MODE=@@SQL_MODE, SQL_MODE='NO_AUTO_VALUE_ON_ZERO' */;
/*!40111 SET @OLD_SQL_NOTES=@@SQL_NOTES, SQL_NOTES=0 */;

--
-- Table structure for table `images`
--

DROP TABLE IF EXISTS `images`;
/*!40101 SET @saved_cs_client     = @@character_set_client */;
/*!40101 SET character_set_client = utf8 */;
CREATE TABLE `images` (
  `image_id` int(11) NOT NULL AUTO_INCREMENT,
  `upload_date` timestamp NOT NULL DEFAULT CURRENT_TIMESTAMP ON UPDATE CURRENT_TIMESTAMP,
  `mime_type` varchar(30) COLLATE utf8_unicode_ci NOT NULL,
  `file_size` int(11) DEFAULT NULL,
  `image_data` mediumblob NOT NULL,
  `filename` varchar(200) COLLATE utf8_unicode_ci DEFAULT NULL,
  `image_description` varchar(250) COLLATE utf8_unicode_ci DEFAULT NULL,
  PRIMARY KEY (`image_id`)
) ENGINE=MyISAM AUTO_INCREMENT=12 DEFAULT CHARSET=utf8 COLLATE=utf8_unicode_ci;
/*!40101 SET character_set_client = @saved_cs_client */;

--
-- Dumping data for table `images`
--

LOCK TABLES `images` WRITE;
/*!40000 ALTER TABLE `images` DISABLE KEYS */;
INSERT INTO `images` VALUES (1,'2016-07-29 16:37:29','image/png',44632,'PNG\r\n\Z\n\0\0\0\rIHDR\0\0\0\0\0\0\0\0\0<q\0\0 \0IDATx̼ieu&as7O5XQT @Yd+N;\rtHh?Aȟ\0ht~8nm[b˒-ɃlR$%*bUw3V~{_(\rNgN{߽uַ!G.tG7AȻ<Z#d5Nu	\"_a|OcW<=C\0FhB_O譠;ʗR	X{\nNC#/ukC_x\r,yi-6e\Zyo	},orݫb\0\'6GZ~{廿}p&bhFT1p8df4rwM?g4Hka8*dR97MP5x?\r[<w.^K=~2~(\"\"	AzX8\\EQDہ\"R`lsc̡B&1[\n5Y<zg2,8`n~~܃2Eė7F2p8M;0e&\0\'X4we.sˈ>Hrב-Bf-D@J\'j`sdV`	5=ȇP<\nTR??[?00@DPZii\r޶&\r?+ ǰ[EAs:mv!7. ):F@`r,Ǥ[0o@:8Q+\"p7\0@3;ΓFk\0b<vxԞ4>co	n\"[=z59dD\n(1&T+,Y}c86`\0̹&C\"Y<0ЩXܛ3#;-^8?ul o5s\nԚgC&Cn _ɳ@c|{Tw&s/ظyϐ1ڽ\0O{O(#0|Y6/x\nEdrw5͔5\0	@\"̭:	~단0O@]jdkP~D5[nۥ_n?buw5 9aD9`p7\0d@hCX;	rG\r?v׾smm\ZdXq[<\0\nN#1ܼp\0\0lګXȡghbOΰ9p3x鯻teUD Kpw\Zj`ބȻ5:,pt1,#Y{JFc?a2uS_}$-%8Xy#~ϭ9pǌcSc@}L$h4w<1rsc^o7>)i\\Aatx%^A	YW\Z-`NۨPOh,܂M\"Rpk46ֱ2yL\0jA\0{ڭY,\nbH@np b*Yp046\"B{;on\r0~sn!lڠg߇(69d<p/BByRW`kwؚ;b4;\Z$kwʿḒy\'Pw3>ܹ޴_K]>Vzىp\'׃Umv; hYJm\Z`?#˻=NzC1m\0@\\]sd Aa7!捎`xExjAŦl`8@֑1nS41AN=F~QTlh-ClSE܇wkdm.@d0%p!ʾC$Nn\0s\0k&AcA;oīx.gy(_CǰQ/AH\ns^8Oʭ`>a*FD}v.f{ՠb\Z\" B,`0s\"\0Hp!:H$AEFhhi\Z3h^@H8t(qu0@OX89*dI5=?+Ϳ*ݦ@MwXݚěAY=K^pC05@\0ʽx<GsG{PM9a\\FWt렐{4뼽EE:\Z1=#d␵Z8\Z:ڼBK+zwIh 80fRs&|Qn/U\rD^._(pgYHU.ܒ[b\nѼ\'	5hw`eLXsVO?_e.Jn^dX͈5{J,H\0\\@$gL/C_aϱBNPw]P\ZعF\"\"N6FDҺ[9A39Dpl,>orbrC\ZcMzs2t^Xjpfl̢0዁kp9<ĝ\\ܺb2kQZ@:|[_g9ۈULu>AN1,VcXDLC6W$ V\Z\"P (\"cX,!qKSnS!F, ,$FS\ZMor+oa۶FgLm¹ZYV*pU!p[{{5^}	WDAm4gFd/Gg6XK8زcM:taNӌpCy%2@ \'\ZppcvybȵK\\HƗ9([U2/ëBL.xkO(&CLv/#? ʫDڽ]@}ݸXpqm?AQE/dcp\"XXCA\ZM\r9VkGEb>!Qhp*Q[=@=:\02Xgknn󶱲ʫkX\'X^oq|j׆RY<h5m၇19skIo8d+uKF$nƽ jYj2on%30sv\0l#[\0!6`\"=nTi֔<2ؚNfL ll %lʽS}~ M\\m)zn5j\\ou!P]p}q޽rʪ`wP>(4Sܽ \rfJSw\0]hƧYu[]wqenV=#fMHY6:gĉ*.^\ryZ_9e\n)[|mN-=.{=i\0\0λNLn<T rdp4j|3\0z4JM<aK\0)/A\Zn\'N\0>LcnAބPv3f\\~[pk̬ylWgK3Yb/F(<a~H98cbb&}.؍Z`fF\05-n8JQ6RmXŠr\\(͋!<@=8HCii+:uoǛֿ=̝}ǺMKߺndaͲ.Taŀ[m;#FJVN4>g\n0w3A\0ioh8b&|8|\n*ܵnxuL\0;\\ݜjM%%KsJ\\Xa΀3&ҍeR1/\'ZC(n{EQN{X<\0^\r	-ay#}1UCvMLpaX:eYB#y2ijEpe^P;~3~I`Cl	6׳[7ްեSnک~_ZqoiGz`Ā1HrF\Zܸy9%!	H9m@h~|p71Skf(`	ZB6Rg]`vP`g+٧b7.+״:R\n>=)2,1`\0.Qmź|%Uyx[hqy{+FE|C]pօR\r\0kc\r\0ӋnF雓`2h׺/Xܿn	dnfi\rе?	(ڶ5ۮc36,[p=q_7\"g\"Nɭ`dC<\ZsJS71g4g]̚7lC*b5ZdHǐ;:0\n,_O~f\"JMx.uOp򧿢^]JM\Z1Üݒ¦`f}N{Ĳtm\Z5+?\rxjIX_Z<1\'{*wݚа9r3\'5&6v\Z>rK,ſ7r<񣟱j077(#[m.?I\n_ɡ5u#w8h2%;nhn,⦞j\n $\'։Ĉ_6O\'&\0]3\n,,\'CLoHG6\Z] 7K0iu9ֺ.5[<w]S](fLDg5>8V}{-\nd\Zs_;8!e9b]gm\03M[0-=8\0Y{~v[Y<\0\"΢uxo^מ7![z\'7ms]\0?MV&҅W/[kzNm-GlrM_kY)Ј`\rMp&\0Sa8d3ҙę,}2`\Zde8^cDd?VN=b` ܎	)Qٓw\"\ZFa,=)yݴعswklcsbF;kkH5#Vj7^F1< m{8ܺw6C#@Vyu7Բ:U50Ėx+Fy9b51ɍNYwTźUǟ~׌ʉжɹI_jqwZ%֍Kf/z6}	5aALFp#z7jZ<HA@_rannpgU$ty񉟴/jpάܷGsǬհWv &8Dy]Nj7wlD\rVOs1g:%vb-73$%[,Q޺	¨(yJ?L 8ua(%x)\r.`ЬlDbNlDb|ś/̭\ZCk< 1&6c1Yk>m[e0޿i/~_5	-f1.b.`mc%˖cK/X93KRo[,\'\Zh\rc\"3š5bPsJ+?_/dܚ=IZ\ZsnXxOk$w\0;p<BiVMc)#5fDYIXᤫ|J96lu\"m-vګgt}YɜLeX%qڿCܠVW6&\Z84Tf%{QH.jTX,TLAEvWDFL%	=YӠ\"bf̋\rv.[ޞǉ}җؿj5 cxltƆo=gaMK6-tuQs\"+n\\ƏJVnYӲ΢-}ѮMv!K\'-v\\,܀b1$L5y[|Za+F\'Ͱ\"XZ?DL\0\'$OmANLC5SʛY(TxV,`V@HԉXn<g-8<8,sG\0Pz=K$tOFYʘ\"@D!PT2zG&Y\'WV2C\"ev֫)F,U\nnQAY.\0\'\"\"*AX2KUTC\\{]L]kJKy%5\'>xjѿ)Ȗ[b*9/cz\".ꒋ+x{9Zbs.RR5bq*\\`qqD[DDS 	@B %p\0DD<ȧWI,,MUдvlg0x(DpK\0Nz(}Nx)f,E0o#4 0XG~Aݬ\nB`3P!\ZeD	 DT%8YPfVr	p_{]5ɤ5N%ŉz,Z<%!7%p$k/iǡuMv@C`͕B[ڧ=ᶜ}@i#q_޲?[JMthqݿ*fUbq,,`O(ڙ|$|I#}?69T챚f]H,Q81CJ`νBO`3Rdd\0Ԏg\n3㟦[{\0mwiڍb\0s\"D2\0qh}_Lbk7utpSfgp(eZ㬙dQ\';WTsv^+R\0qn>o0vXS\"%TujTqܸ	Y1@&f4,&F]\02a6q\0I0`=ۦEdjM,YrwӬX-OsRU4+1`x`sD{azd\00p׿j6-,r-nd 1ͻSƇrl=GH1־ź446Y(@h4<pS\\nf-\0dw\0xFS8<fՔN!wj6)OIU)c?7=e p˸1N3:V\0<vpxF,Փ<Z9$3&Jb	!5x7=u<x6JNq\"49KQܓ]\"zbU)L,AX54J G?i5mlg>!מI]?,7nQ\\`IM$8Bʡ#(	̄Bp-V힤j(,=Śr=s5ؓT<Y8sy\ri/Rz/QhQ]ܤa/̸1Tm	Li4&FS/h-h>ǓyT<dһ%HX=OpUš:<4aY{크ZRf[} 3whkt&!W+GJD1KD4 면2m} \ZН7_΂ԣ]t.pLP\",\"ιRPͅC[=\'?*z@[VOμOo}su)%A2!)P\rA̭yj(^w\\D2Rwirͯr~=\\dO\rH	\'8YLdՄZ+g)[%s4Σo6ƷQ)a3oAT#Clc|2w,Vȩ*dO[Fl\n2q8?g`Tܕ`3&K!vsg\08@3$SJHCfBAV)J1ؓv\rm5\n[9Ʒ_Nz&(s%($Y \rcqKBIܿ.D\rb֤rJ1)w%,ɐ-l5[8.YoEBwY(w*Ċq3a\\$Nh\0)r\0\0 \0IDAT\r0ڸ_-r7vBntyDND%KSqNŏ[ڷȧ̓fJ@Q`+Ԁ/KS5b*/<gz\ZnDfgU#uIpWr(2\"Ϥd܀npu[FSEdj),纞\n.9\ryb!:H6qxsy7-[8i5	>zkh2c6e9k/s_\rkMOeȼ.yS423Y$43\n-H{9I1./7ɾY94+s<8i\rKK/(qc(GY\"$#f\"|<3\\^y>/~Bgkb6/|&W.hO;i,8Y3|}.]LtG4o?ΖQxF򍇲j2bpdd~67vb!bĐ-B.shuں^-%3;\r!ơeqѶijI6YȻ!X,\\{䁏X\Z-[n]cFuiu]\Z\"<%3KT,5uY[UiKgI{b״1	]#*:u{mzbk)E\"(G\0JDY\"uayvÝX\rMDz6dqp۬ƥNni+w5b\\buAՌ3mu!!h \"]{鐇n&;V8\0rgܙi{#Aug{u.&@Y/dKyPɎ2Vq-4qYDͻ+^Xa[1nUa`9ڿM_4ꋥX⍋x>Ylg?Xҿ$pxX\Z(01M&wX\Z6ڻ.R7<-[o{?MR^ֱ)n0abfygXIhfsVzAQ My6~0\rZ9eXP8$waGLE$JhT<~/2e5\"`92!k-ݓ;odȜ<|{@x.\n.%\\ݡ>S9E\'?*/bͷ4*W\'2bo_%v.qq)M$p5vS\\O&7O	1ˍUXd)O]ĭbXRO E\0& 5Ȅ%@ 69f;7U\n\'RY+2޽G7_+KF{L&`bepSi֒vov͸YDܐ(1`YO(.Qt$*&;z	131<	jzVϿ_alzqha*4gA	t\0P8ݧ\rJAfO%R5A8ijR=S	/ؙola(HVZ[knxjdeX;[x\0KY`\'O݃?mi)fV &Yϴ&\Z7])5Q4?*+ySbr2\'7fQ]*ڎ1$ܺh\'&wsUEC<c={f5_Fi/Og|˿,VC1BoxN᷇D!z	TSR\r4\Z]{&zsAZxJ\r9f˹[氌edVBh@wLL$SZ¡g8,TIIZM*֫-4I`J`5%z$ʱ\Zr6º?Օ{g7cɖJ|6jw파n&0wg4c\nvɁ\0&D05!ܥ0\0!BVs|~#Mj	X802ZoŒfUqةsAZ\nhn\Z\"pǥե	\"rJY[lOabJ8aKbճas-7]Cϫ[3Ifnyg8dV\rg\Z=Y j& h^LJ!06K|nN/H]Ib)d\n&{W\"%!UBٝRanCJvwdncg\ZRkTs2`y[8Ұ\"i\Z]A$\0%)|f\nYI4=wcL˧h}Y	^z␸rrz/~b9?.8-=4w<F^Ej+X#a՘\0Qx$T:go\nMgHi0LO?=ؽ9<^{);}Arڙgkϩ:\0CD3Gww&}5O0&(EPR\r&jbA.b||{e2AibM*6r`:b׌mx``	ܢQJ[.\r \'xVh=RShTh~;̛%&d\ZGKѢH`#pǻ-6M?[gǪ8aM1H}i)zڽkĦaEbq%kkr,V>m;3JSZ\n,JD*yWW7S3S u066syc= cP \0S\0	,(ȅ\ZL$BL$D,2]fyؒ1s8uʀ\nKFo_z`Ma85ݺ*/{_o\n[?4zkw-Ua4-҆yri5.t\\uX;&VcOi4.4d	emВX$B09n}\\cR\\k.w~lx;_5<;!4hUO3>w[Pn܍t7f|kM(+X50^s:+̳&Mٔqb=ΚU5Ehx24,Ss4y&	dL@\0@9UbgQ186\"lڹW\03Ec*7\0q{	\'VoH\rHYSٰK_ñۻ%s\'8!f1QLdM:i(FOʛ$a1чGdX)+#D#R] }H$C\rP$Xtjc;+|\\v+fs\"ݏX\ZC9E5Pm@L	\"ۋz뵗P%\r:2D]m)R)\0jJ,ꞔ0ڀtz5Y!M|/\0g\0@n`7ڃPBc0	\\rV0$`џ֯ripwZ8ܹjH=l`,;w@a50\'FuuO=tPf99OڛYG7Y}3M2\\AlD\\I4D9v~R7c-:IjPy>S_5FK-UH+xz\'ۈ%n`)@L,,$c1hIzg~YS\Z=)Ȕ[3\"Ϭ\Zkaд鋧@FL1giRMi	4)	%D47<\n `D6P6ç/<_q,o]2<\'&>@lk\'1oSmD&\Zi\n\"2/X[`ۚol\'Uڑʝ+5K6^ȁf15ekMg\"F|.uy,huu9bD֎*#g\Z><^[XEFRjĀW;D\0:C\Z3H2&NuXgsOXgW70P\r\nNV@G{\nwexBfS0K %+qh2!)㥩ռDM>LJSFt3DUO,\n f3O|&{ܿyX.Xn^blq޼b\n	f&o5}X8DѬ)[#WVL\'a6}͏(bՀ(<4:D̫qhiS[n߾\ZVAs˱{\\<e<\ZW\"EF#.P\r.;nbɲHR	獓z7r5!Ϛʴ݁LU,V㜘5t3T4ź	sDQiUQwB6F5zϴCٛXeyZ{sSFY5vUuuUnRfs(J2ihI`~zÀ6`Xd2%J2@A\"5OY9Gts{m?Yb5%_kZSUx\r,T7s۠A\\_ф*4PȺ_$L<HG^y~r1\Z4tK_?󳖴P8-s㽷ؾ*|D([OΟ=zG{h]BcjKd˺8=)!x^W~?v|\Zi4<Bz<>\\|\r=`*A	E!3z剗oQ}-uyWUTJ#B[Jnk\'Zh66ͥlR4(AqCUDQA!Ӧih)Af7\n)9C:ipQ(c?xmr7c7=ĞBVKn\np&g	Uд|@{eWJJvaoj*6uUzj+ʣ\\<4Z\'t/FjR\\ۙ|?ҽ?W;!y4JJ	\r,ɤM0}R +U,f-#X;oص?o~׌⛌+PM.j**mq6CPZqoĚy>	ĂYeVѠr\"(uk:mڎi趷	9S8V2xf:umSr3_+_d8$Kas^-)bZUpUJPA\ntO28F0Q*@+^4\ZFm<[ִ	ϞdۦAȭl~?HiӹEJ)$3WQJ*J.Ukw}?Bivgu g^iG;<V۲YǸ\n1y+mZ̦*CDEDz6c\Z|B\ruPZ\ZmN4DmغxqT8(yӣ}&{iږ>\0Yₒ\"igut[AI!W\"AK{7+;.]j)lPlZJu\0\"Z\'4.MbMGwsɖOLkOӍ3}7rӨ~Jt<]xL*G㷏}k`I;ݠTRٹ`O5{盿f\'1+5[\"5&#H]R\0VdH%ZL3ꏬ&ծo3\'AMZh69tNL\'_Q/R!\"yd#KD֬W0X}S?\ZJ4-YEl<,hWRtP	\Z]__sŶ\njZQh4uݻNM}GS+>|wi\\{Σq4c*9*9jU	%nTO}Ra7v^\'ÂQ\r-}3?~[bM+ILELKn1X![)nٔjg(A-PǊ=gl^l~+J\Z4H\rRM&Cæ7QQQ#\rݔvM3١ut+S<#ɽM&s^\Z<$fdݻk8h	&7rK3efEI^p1Os@F++-UJ-^jFS\ZTMziZo鍗t?ӹ\'K?w@S\\{c*iTҨ%%O\ZӡqF	Ǟ?~2ݬ+Qk&nok0	ԚMJ4ƔڜS[HiҊV.bVV6#hUhUU\"IhmwYɮ?B\n\0ӠAJQf鮶=6~ߠ#:,v9QrRɱ7e4..HrԆ5Ih7gww/iN]nMыJh<}U3Ol&d\"JjꨩKpCP\rLmBݍ|ry{;>{.*ct%E8*yt<oE^h׏Ǐ3U%A~},	&Ԍlu6	JnS0fwËYKi\n=>_A1#)bAR bKP-%kY(:hQӒpxѠ\rffYh]m.]czW~<Wd<TWN\'%H	OI^XhZ;tl6SG5ӽp˪ήw]kɥPJ&jF=A	Au̓Mp1G\Zk\\C~ٹ^$Kc%J\Z!]XB4,\'O2\'\rt_i:Mhu7-i0+Nh1&;,Z/%y涸ok֔6X\Zł5ڴh.ew&w5ZJQFۭ5%Nc[f\\`4.@H52|Kr<9\Z)P5!SxT4th:ߟ)Èn-v[V%7RAĉl4L	5O--F%gep#dGw1onj.dy}\"ꞓc$\0RfO6ђǉǟLek6ݿaNb]k7mk_iJi{ҧѪÕ<.{j˦9y(f3ukX:ku5R4NsΚJє\\IPDabW	3`kŚ֜o6ȋSd}GH\\!)bf\'8TcHN	ϑK(yI-Lv6n:le\n;/;pR_LND\\в{45i}o{;W2+ǃpIOBsYv%rmNo{)Qœ{J}v]Xl\Zۚxeɛf9]v7`ڹvg_}O؏]M֭هo˫oͻ(zj-^RT܂xk5ma6Af7OMʹk:W\r\rXN鎶]>k׹S[)	a\\ y$䄺S3!HΣ9:h[N;\\_|\'C|u# a$gU\\4L\'۞-r.1[GuWM=;%%k/4L5\r\nؠ(LO:\nkn{mziml1klo[<ܱL_lMdt&֝vx};-oݎm)^րx;1lj̰i#65tfjʸ1eS1j]C\ZhB	Hڄi\'Nw?)./yuG5S\rKB	9aR(3==S4vm\'K_#5ˣ>y/3~o_AJ\"hF\r=C[\ZM2tg.^|Wzٻo\r~댯7?[:i2*)\0\0 \0IDAT/)WqrUȎ VEulPkD3z2(|JA|JqCDgۥg>c~.=dVkd}`oa{[o~˿^&l<c6޳>iv+67vՈnmm[O5u1$!r4ɉ4Ш4tsoj\\EX !:{,GBq׭f$8*\"Dґ#\'A)S\n/=msz[[^T	\"D$J-KԌ;e>K?KZ?\\q{wX}|XRy7]-9!xՠu<\\4l]t|g3\":$lgYeprFp;zmk^xҺ/lן{=eMh^k;oևv,ܶV]jWmvS_֮u:Zc-hC[MEՇGH>묖+Y:θS?ta+4hR)\n`^\0ZJj8żn=qF\Z\nqĵ$hZ?|Ä4+\Z3rnd/\r\n6hע\'u?I,4B:|t<ka*ED\Zt3Z	Eb=مjWw9?SǯǏc{aՊ6j;)h~ew>lob}\'{/<~G,ݴ[A{ֶ^b.=a^˟	ծڞܷڝ5j{WY*$+V\Z4:yI.|/%ɲfOqŁ&4JAh\rַTRKHze%4iaN\Z\ZX<yR<Bѱ\'Dg3׬jt`(9o.>se|yzܻwwyXj#Fܬ.Ve!uhkt\nӫ=~Ϋ4:MA޿XY*?޼bEEKvCR;MlZ{x1e,v{iŬݻfع=VNٸx`mK/ZӺ\r}/Mqyё;8w1K=<Yeձ<u#?FCNqMHFڜi31vuu)-	Srj>s$\ZT,W1i6mNQJQKRLa$k/7M|zeθ`Lɑ4N_Q%6xŦiըW(\\_=3KǌQpOf%#\Ze3Y ǞW_)&\"Zs1I\Z_[{ؘ%X,j#j\"aawڇͺ=%{GWlmotu:޻mO_Ӌ4Lٚ|^,:)-;kzuc&/Ié>Bd}G\'HG#ihq٪\\D`Di0+*EGRF)հ\rp*ί}$73JB& t	gKt	\\~|~Ee9<:tr\"Q%Ǻ:PZ3~vG6ٽF^>\"U4QrJF4֟Xq2cx?͗T\"b]dt	\Z2b553Qjb!f9~ۖo>oەd^q;ʗmˏ<=]h+C-Sٽ>ۭeOƓBHگYLLNʹb~+Q@[F:L%\nM	\"lXdu]jWWz \r.J4O̿ϭ>D!ݦc8:>40ez*9Wul[:NCrH)	yߠBnTQLSq\rh)	j饚|nH̢D_U+Q鱌:g3% cOePȣ)Bn-?m..?|mҞN=YND3I%Fn.YGXuB!cZ\"0Fs垖5i%2\rTt\"t\Zj6Ҫ)/889RMUaL%\r\")rWy᧐Kw鏏8>|dI?0ݡݢݻA~6grEex.y\\yPO%Q<R,mFe,wPDD(jmT!d*ғ#O?+>Rm^+ԗ\rtSG5V&*INjb%`9j*Fo-\"n?RwT>9eM^P2qRz=	zrqꍮ=0ВÔQxcCX^F]tR0C2	JPCt/VL+g\'J͎\"3L,kRH9+ڕٙMY.FF[sZohm]\ZiF彷	9x1R1.{i.]X ^$(im_<\">P._d, Y*=~\\1Ae+BUCL9cH==\ZcS-PL+)\rxC\'*HAK	J\nF\nW#K>~Vo}Koe.V4Nxõ*q\\_3)fCOY	Ê&ҎǴ锉2ä́$1בٶvHl7δ)\rI\r@8ٕ9!7nsh`մ*TOg-%,Ǿ5s\'s{&GO{$AS}<\r8\"ɛcZh|$qY,JE5H^O4zjN=䢊)US3-qy̦l+|J\'?<y\0YO= @@L\r\roxQ<hIAH!BP\nY\0X~8{ӥC̐xBaD」KxSdʚ	4df[anμUBk4amZ*|j+L%ueWxxvi:5B[MsSVKLѫ\n)/S\n[GN 9)s@(Ic\r3+\"7 ҊN%XCZXt~N|8x~jh)\ZAh6&\n,KQ$Sg4?dAOJA\ZJSk\\MP*Ҩ(D\nl<\"b4U\"f%)Y92޻~[zp|@)=λ2ňbD\ZܦU5%tL&$2ՑY̭֬Ytt\r6L\'|Vetc\"k`%4@zҸ}m5S)MYmX,cԝ`g?]ޥ+ȑRj@ի\nY}D\nzfYDUBw{ߖg\\oQr۾T@δJxD$8CU)RöY\'Ụ,uA@KXpYg&,);cKyd\0cTsl+ڳp1q-$M8$]ZJxbLYWŴ\'۔Ry//|N+3 R-BaIdՂg#= 3E6E0:jttў|b8|P68]*ЖB#!ؓV}t:eN_bFۀm?G`\Zh\ZeH1/y\0p2U?;(\0/V]7̪;DTUuJ,G\r\Z)>f뢏\'wkgh#CujtAN\",\\qQͺ,*t3ꂶA4a5d=.c!ϳ~44hǌ%5rXtVĘӱQkۂÁ[\Z;_E+DE\'24#6,h\0lꓳse\r5XLi_Bo<:4hTT3&<y@ʀkzE<z?xݻ>r~2غ%=i4MXaSJTs4FXT\Z)1#\Z6{*Z1#5\'ZLFsOf:^-Ϩ0yצMT*gCMUdc~dx@lqeVVE椧,#eHՐil5HJQQ쾉MZhđ1i5qu/aakfP	ҍ.r=\"&~P%a葱PM,9QUZuX@ާL fZ4\\)ɹ?:{5=t~۹d*WL;d\r[l3!L{G\rbuN:%R;Aϙ3qbhakީ~|{L@JE-2hquB=TAפQԻ>RTMLT	[S^0OpeчwpT{4ѽ,S}t46^`܋hq\rS|L$wƜ6 vЌh12qV7W{v~,%:,i҈-ՎW6*g^xJZlF19~E8?>+<\no)ՠ&c7tI5y\nJv\'¸Nc-{>se^S\\N\'X?7y	[$=fe	IJH9v	&m&M`4L|ڸ(A)v	Aūco#nbG.\0RO-ܩ\"TgK쓗>k3o>Kpvoxp[Ăy!h+J%HuA5X\Z+Tbg]Ft39tdw)sx[FB]$Oh1]FZɴB\nAg`Jvn 0pzg8zHZ*A8ʖ΅:Aaa,X\ZQ;\\[6uAR<\"q	LW87皍\\t\'?ϽąW~g~A/>\r]CO.B%XZCttMl:cg6eo>awkS/}ݝvMل@%X{,|ݫxAj*E*xI$I$ ?KKp]<#<`q&))ֶv6B0E}LZPDk&}cmEx0i4HGцʓdtNVH!icd72#1;1+)e4үm1H#%errcQC!U7P\nY.nS06Mb5*tg?Y==?GJ6%.|9gq>`}MJBGfk؝6\\rzmY^=b-{\Z]xv)qMJh~իQuIYJm<s73(nyop[~x͛\ZFt]Dm~@;;!?:=beFi\rOjG\ZcF5]R	rpdmALq3m)DىYRd#\"`h8$\nVPbc&%2fa\0bDIL--hv<T⪃Ҷf4m7d\'9KnGVvNif9v<6&Co~{XFhMڠ6PW.>\'7\nz4q\Z)WAs|8C{՜&7p6[Ś791<dt;i\'~:\'*h}Ow	dOp{v(tժ;ٖ{udYF\'E%e	ה\Za2G&;0,q\rcqgD?!@t!08t^;CH[hr$DV:i1:VesI!45Su0A\':ʰ\Z$4muF3UNCo{\r¸f1?r炟\\iI?d\"@v̶wKrK{y8Y!i׹&.MBXS,ra2_\0<̈́BRcJĜYՐcdZli7pl=8=z􉩏qFNP\\Dױoq?YWxs/t\rG|};,oGm|peϝ1W\rϧQI.(wHLL΋?3|\Z#iAb:b\r&J@*X\r=kJoBε_@te\\k]aPaDEɡ#7s|)LH7%	.SBGhX\0d$7Ϊi8;:!iLˬч#bzeXm~8U$_dp7N>xzoo]ߡiq>\rv#L0mE\"!zt#!W`J\rUq(nG\"@J}r_螲x4u@qjޣE@K<?||!$\'W>K.ZYԝӷBoGĜ_Aw﬈kzIhthT-)9R?Ca6G>)F͙Ng d\\$Ws`偵b\Z1Q&ug\Z)b;2xGMISLno(\ZX,ʔm&{pnǈGlJx%S\"EFy8=oν*GÄ&Ϲtev)bdq}w&>|pt.NON8!#h3cMEiUhT0#[1bASTTWQ8U%pq??w9/Wا/W/<8|Yo{Gv]Ƣ2w/AdL.qymh	k=-tL}]nOu\"\Z dэzo	QZkڒۀ%.?&CG%CItt)yf5,ב:r,8<ҁn2۽|<ݹl]8Ϲ{쟟tW(\'C֫?C>8XI0/KKnif^p_s{-|wÛ^S׉[+vdK\'!&Ju5\rH(nţy﵏3L+Ɋ C)R6+8eu뛯uwxڗ?2_W|ӷw!?<\"<Lusnsf%(y_mthbtG,B[bToʌ11З\niChd:tۗ_}f2EJqu\'X4H>xz@B?fCb>FVcfSeB9=@cP&4\rIdް?$ӄnp9قuyӹs|	}1dqwg+y\\}:|?KW~[k}kz!2Fs+ōYD3gD\\Yl3\"dS)o2n1A|5߻woѷ~u;=i/0v	n6nJhB\ZvG(%_dA#+8+Y,C03-@&b0J 00hǠ6A\'s>_ba׌?HGXj`e3L_USe\n)c3]SuiYIĻyA<x{?sY{{š3fևa`}tNؓ-G|}tK_~yx<\\q~~|\rztoZ܍G*<R5p6zE{AŽD)\"ɫʟefu^H)jSܓ_-?P᳆i\0\0 \0IDAT⺔{,[$nF~(r]\Z\ZnM̵ڡRO%7M$F.H\"䂗L%2$@S\Z-\"\\\Z4D62jǨ6ƈMCZlJ@0Rr4T5~E\\-)FT&ɩ#\'E (B&\r$Cɂ;Xӱp9!3{wI9mt<ѵ^@)[?-%gx9|738D\r}.G<IӤˠ\\\n)(V{qI9ܗ?jpH&y7}~˥֮^@\0HK\Z\"5F,Px,+	M/p8l6KHj(\04z*޽8eeUWd\"Uw~ʘ	&ɴ̎؋(8`\n 3\\OCBҡUҕV i/yTM%J8*(JD*D\n+!zbY\"RUDIB$Fihz\rDT=)RR$\\RHWT6HȠL1V\rQǈ:A0mVK)=n8KvP\"^zDO\\fk\"	^Qj=wE&2kmR}L7\\O\\Ň*d.hY|8F=`-4HrH\"ܓ=x\r\" \n8$[X+Eg҈&kɰ/0;a\n[|\nz$J(գ>YM:Q\"i\nA]H#bQ@*(6\nfP@!uFd\ZBmS̈)b]$g?\rZXk-&	H6Ptc@5wt0|o(hB:	(wdF%FXz\r|h^Z!ayNuSgQ{Y̥EH*uѵ/	79(rb{.\0-XXL /HII\naUUBflIq$PʂcdgslT]`a&&sĕ✂B,*$р$@!ãC\n\0J\0UPWBGr%/,zzPW@rT\nI57;j I	\\!N$Xs\\O[e8\"I<3\"i!9,N\"94\ZLRH)YA1[ۧJ`-D\0iQ`QzdMRSRzKn//lOrJv\"V.=#k=\"ǀu\0qEflET3Iզ$%D!brPI*cJbE \0Ln9Df\"03%(3`b!f7=&ﾄ^\0J8{ABd8@\\q	=xW!qrRx$_ARWFG}HQ-DTjaMĔ\'f\n\nM-Dŀv-$6lܩsDA\0*(\\pHl͂&1 <,\0 &\Zp35h\\ 1NIƵad\ZDB:w+ף#q\'Lkk4vlݘv=fQDmk: _4߭\r::VDPZp^/E|\\A+E!*ÑPMt:J/}r\\\\g&󀷢ZТ(\n(zP.d)1BvRe\rB\nMnt3(wͤ*.f 	b\\vPirLSpՎ~-x-Jm!6J3cMRIRx\')\Ze(pjd;X;^ҖQEڦt5rDuFq\n96!]!bS;x\n@Am;+@E	;}>`!7ف!H`g%\n\\Tpzl\"Eagrl\r*Q#B4sĦŭ !wȻY/lj׻,A>uM:[J|0@e4(&3eO&ߔ&\0iJ/[\'\Z\";	:3CKGU(\r\"6ڡ^	BHb3nkY16f2R`	5b39r;l70|)|\r))Qi\'P_\"|6U6]vw=\0PW\\ JP!1c4)yp˸qx`/ nC$A+JI|cn]2a\\lEdF\nR;D%sS¬e)<\nQ#Bg?&iBsOJ8#{lz#Ο\0DJ`Gi,7nfeITXc?gs\0ֽAUUtoYwG0.@,b\0z/@t8&p4X\0:\\P1}CA\\e&vfvzrv:Bp0jx?0*B)TU=H\'w6g08*JPaB^IULF2(HbhS~$\'ifJ\nm!fM6̚3軱AdY*p\'!D[Ftf2b~阉V\r\"V!paGH2CYabQ6kFl\nJpp{/\0t	RX_Zs(V*ׇ+g`;l`>GD` 6	<hs9¼jUlnawb}1?%[v5Rp\Z@DM:@cdn]@@v$1Ab^G$dQT$f\'$\"$mCA<hrQsh&2XqBWp;fP0l08A꬗$XXA[;8\\8é5oK*T_`1@oJCT0BP\"dHK,Xa$\"b|m=rQR L&a4-연w[v8e(P̰o/tN-:	9^ubf\02R$	QUaR_	q&\nMMDǜm|ʛ;uIq	l0~*8Ĉq1J\nb1H]A.!VV!>|\nb6V\0_JW`ecj\\^A(3k)_\Z\"Xk~-17ZIv!o*\'>O#ghF;[y[g.b{˒vV$l9+#.-.﮼q\\߁\"mVk4OسYM]r6jMDxGyQ#QEI|t`aV$mQj3Lumf+9&P\'-xd\0f;\n5%~3aI	b( TBC\rr0?_y\r_ V}ze->i[w0=@b@1ֈ1@4\Z\03{7P}l~!2۸~\rw6pZ@@RAZ0Kuh$\"[q>xuv\0ۥ{fn:,wy\"-k7	H\\3b!սu,8K,Vx]Bsg@$dr\n=r\"-Cͮ\"c2!\r9-@ςՠJ+!R9Aꯢޮq[wO3H=Fl&) HCpelx~_.̰My-<o1Y}2b0;h (u%`4g@g1B]\'<l9&Tj`]/{i\"ImB5jVu1/ࢇ-1%XDr̪9湴[doƘ!~옑imJ9[\"އ MpA_!h\0h\Z\"-RrzWߺE NjHyC=`5fg[//ctML$]~{$؆HQbBEH)dԅZ\"7^\"`fvɶ Qs(pDVl(A<A]tVIQ1֌t߳0\"뜦wYw -X1լ[QV\"W@ml_cFkV{k6zUi]>bq7]3\0	M,nUp{p hgH5cIe`(9P5\n_Aǅ/s~y\\ȗq@[J\nRsYK9#,̳qN⊘D7yJ7h\'@A{ueĹJM$SlWDvrEPU1ThLsx@W$BKpWϵqU\"(Qٻn0*GDT@7ҏ|ARA(^;oELW(\nᰇWpp_&ά<v>EC&apbW#N\'gH ng]\\r<\0I;\\2❷_wh[yj1*RNR,ɳF4`fVL\0Ws$B҃%c #8^CuSѬ*J5bwYi̽RѣkAY7PnlL(5$I I!	,(/g\0tITFP\'Vjpó mA03JNkY|4lfNph=jh\nx	X/fTאP#5#=|XַYrOF$,\0#`Yr wm	ޱ-hX5_INrDW  #gqM-{{6`:Tp\0giLJ+w+\Zk1mD/mp_c88$0m<q֘&1y{}K |Tc>jD<wFs0\0 Y-R\\NH4Pfns;l>yG;೏c}QP@Ȗ.\"jzwRL+FֺN(cu?씲B48s<.AZb?,WS\'jLU3^s=8\"Niߕ\"ףJ)#Ϩ؜?=\'*4iz,(Ϋ))Wb	BxdOylm.\\*1PULǍ!5#f1~\'CĹ>\rb!1^oY4ɠ±])\0\Z\Zlpb[zWކ[MT-ơEZ78	)ԢK!-,^Yf byCVGslʬE)D粥_6,A\0\\2NLLK1Q$V\nŤ\"S\0e\Z4I^*ծl8O\Z{8/gCE!pc`8n_6tдP!mf	1\0Eo; Sfj `\\&Cv@5%EHGU\0jHW\'ԧO+ދ/\n+<\nl .q4IisW 5$gWgM\\Q9`X1*G(r e#\r\'p\nD{NhQSiF[Υ&3E%dѢ\0Ka]0E!eYz8_ Я*PU=f	wP#b{!h9B3b{Z\\\ZYlV4`ǹ`eBH\nFQiE;o~YlӟEYW+/\'<pQ yt$]ZcBp\n%Ĵ(]ƶ|#\0nx2߷	Y,[8Q2N3\"bҌjS2Q(\nPcJc1<dd|(_V8s\\UA^ʋiDюZ@Ѷsk=wpФY1yA˖XGq9.!Q=zsZ4C12aSh\'8\Z&wބ/Jpb$H2 Á$IWfJ\\j8:G\'[{Y;]jiAұ^%a\0GzfT~ZXR~^t>j]2@l5*Dm,_V(5 XDmx{ڿ׵]-J9Q;o=9Am\rWk~\r>D[&GՅY+p$۩XP\\ځ/׋p\r:`	,$12bL\\yڈ&Y1\'e.G%jlv	=IozjƐ/*[\0	$8ǃ )m#x\" W/L90Pj4ebD8\"DkYE*1p~q5*܃\r9p^{i8;`U䐈\Zju^EJ-Bk{\'6$OAwu,1yЄ	D1{?g9+^\\QhK@-&Ȭ\rFUT	ixl]s|eKMYAp:\"RXXE A?ؔ8U?Y$\Z/w3E&{1kUbkZA|i}Ya\rPb}}_߀cP)B!9:o=Ev(};BRD=#pa͑dߋ)YCwۉ+|2\n\0k_=P34?:z\ru~!BbMpuvvbV͠:v~ULܵt$\\֑%r#O\0LV#ݘ)1\'c\\IxmHw&N;.|p>%/|\r/J-/JCVA3o3Tibd!--CJ-b3ׄ*08PZ<riْYd%)+~\'O[>>@zQpBS7g( mRIZ_df\0E|Rj1~b)Q%%F o덫CW;d/X %MO+b:iFE}XL4wLe콗Åa<\\kw+X]ـTkp?>xjfI\\1D$XN1 Z9+i-\'\0%	zH/)WWA7d]U!N\Z,DL	-;\nm_Xף,GkHNRhA 1Lq+\rS] _JrVxW$6d\\\'v\ZЎzY\Z)SQD	s;+f_CkxG.]zQ@>!y+))nb~UDB5\nD\'Ql!LC]].|dxLhZXA	=rgxw\r{\n^Gqۓ;Ӏ]Ε|:X=8ޑ\\)|e+EDĚKa^!>{(d|Rg覺#w!גZ\"7܄lH{p[$֒H@zs;w\Z6;jUL r{+|rQ8WЛZg.g/_\0VV	V?^e$5(~)%QIbz	D@dD,Xjֶ|)м6Ht,#(D̥\'KOu=>J,,\0\0 \0IDATKދc\'LN&9	ICGgUO\0AKb\"0X	rQp`v-.\"c;`ԣl\0XQhK{v?@b!2xvr`vl}wd	,I!~	md.H!T\Z	u[/\0M=6c,W@\\*r DSȮRDDUoo	Xè`3*UϘ/E!*i\nDESR71Κ6oĝ\"J]řxBvf.=Ax%p.=r\nB		z*(AEy퉲-%2l27Jףּx*vZaqOsQmh8^;=X~J{o!&5A0+7q%[6/7ޖ;;f<!H̠j0{`~A8oXGsޔe=v&Xvs]M$I\nf-\"Z!*fMˣy\Z뽩x6_a)աUFTG\'DUhg%lo+ȉ4Ȳ\"VͻbllZ>Y7B\nڝUFkznXX_m\'o469*7wM>h۱҂jdb0I~.뗞G=@!Msuo\r;h*Yy De*b;\nmtM+	=;%Pc;32%>$\"r )+bF\ZI NOa|_,\ZulK9\rqogH٩ѣRw<S͏DtNO	{\n8y2mP{7q|G[\\ցgV?eV\"o-3KGe((2LH1v3L#)hkq59dci4,$@@\n&;`bQ^$$Ak@$I	!9#Y$ i,$|	y0:IP\"ȴzN,ضA40\"VaZa7$?ztt0kgQXgW\0H-tg9Z+C?-:(29cؙXR\\|C;WUpF{wp@C4E?.Ϋ{8q8b41k#ђ\0	scF[UC$A	9RsCPn<*佽F[	&޴\0roz\nvg0C`%wP>yZ]_$_.\Zx gKHЙ JXPSdhjĽ32Az ?B|lF˵\\8h\"`(9JoJo^Y=ظ\0ij̍#2^ѷq0n0\ZL:&GQ\n\Z\0X\Z߿aBPVfK0-@(4__v0{9/PiPZBNS#=gĲVC\n`۲/\n$\\0b~uVp\r6	|f%.,ג{`%|߻( @J>ˇY`˱hp$@2 {:qHD߉9;\'UE<}9\\}íbw)9MhIlc|C\"9ɁTD5;ȴ6NÜ.(QX$\"]i+SйUQoI H{8v(ر%c춞wx#_4\nF<IuuV砩`sc	k;p[ح]@Aʣ_ց\n89slcIN|}?PuSs&<K<Gb=Zy~A7SiچFZSQ\01%Wf5M ]hoxؤL/ ޗID#3vt3gmIIyhLoWysՇ~xoy>g\0w_geE&Q1<h:p-+줨@YZ4R:!\\D	LyW2p\nN#.47\"BܢqDT ~.sU\n^y9{5^ZjVF3Wxm},qAڶ611|^unS% @>\n+;%TT-RT\0ILl٭;iL 	DH:\'biM}\'6Ufavn<ԛn]~x5<=aHFLl}mQ<=JJIhbslbx\rY}f9I@<99D	, ʛm>xQ3<>,_u~_4\\_?wy%xI!rLQBR3I@IDآ+!]*x5	 3yid#,tYm}1$-,ܢ.]ZHI9Q\"0Hs@>O^Uk}a\nĔ$glr#xG[묜ª$DDY288.\\=	oQlW׷^dj\\\\z`PU-\'qqs\ro11	RH2U}\np9|6bIT,Do4&p|WsFw%L\r8t752:T@IYYR}g.2_x7r̲F^G\0K\0D,II\"V8D!Vbsy c/Ʒ\nOޖui:NTV-E[棼q96/rYyl?:<)h^	YZ4LF\nbrx7 Ԗ\"vXXekv2D0\0ydvL	.N;7gMIBĐC;|H\'/|3O2oq25&kʧ:9pJK?csR\\QPYa_52\Zcu,xOWSLvc_K\\m1cObX5)?cn<p=v9JbìCqHgC@u8tsiƬHnqF]+0Rbr˃Ǟaoosy7/>;o=YЉKw!5<WVD ZwV&2eXUk0;KhL{LefFUbf \\7w^mSӀ٩2=yLugH\ZmK:{#9r!K\n))2Ԃ,u%OP\ZR3\\*zߒ(~zHAqcNg[3Qn!g\0R0Rd.\\[a>/W\\yG=oAj5X[˒[+PTh߶{\r,gVrv/kþysRmn=9p8xWNXOsOLLD\Z;i+g9܅Ѧ)q-g?|*)߹9O6 )I(	\Z\ZHI֍UeKϴ=zn\rc\"DʮZa-7{ﲐp(Ws鏿\nyſ˿Nw13oW@Nr:qc⨄>TbXUE\\͕xzS|:߹_ܓT`C:I<,fs1x_/Ljy\"|P\'Hܽ}G*ۋ2#E7~~goۣNkۀ6&Nll:Y%@#c\'X/ Gg:fN	⻳\'@\"3ɤ9Ur@Tr56P\\2yT8B7~̽Wx3\\__8d;5,]gp]H@$bV`},*#gVSO>*˸E\"3Z?A,X\']bZ3+Cs-Dsx!J3	yOʝZĺ]$˻;s8yӦEFI8I׈BbkXjA*@W\":F{4w+\',%\0VN+(=k{+0fmHl8+SRT\n|m$NP}/-O_㫿x[kk.ĉF[:¤ZQ$VE*|♍_/k\"6>~5nv=Xb֬p,2L^xwAlzzV 2Jd܈pg%5zS^ÓɄs\Z̚mL4srZC\"󯒿Z*G\\8Mwk\'\r\0%(DP^Bz%hoAVD<sLP$W{W/~\\OW>ïP%[U).EޞKBEpEE8]YF.Ȯ\nJDjxp/l\ZGݛ1J*4Ww0ְNf瘙;1o|	ָ@ ~mi/RFu*Iop߻B}5͆~qwƳӆgM\rx2w\"wHǻŻQD3gOҩc U9\"ήO)	e\rbj~w0#tASg֝\n.ȃ5EL܎yxW8O._~|o\"`Qd`-)#Hq`j}tEE1hFվq ~ڗoᬉ6TuJuXxؤLwC71HmR}!z!WD^%Bc\n?䶙fn6-	)g)/\"LwY\rˢ,Ƨ)K\n8R̢YؤxL`RJ{] 6Xh]Q\0ef,U,DYSd(<Xyv%{˧{	.~Q\"7!(23\r;@,N^\Zȵ\"+>a<oShCͽyܛ4qƟ>l.dW\nW>ad%zٿ2>wR-	ލEt{\'714\rbJK6I؆Qh]tz?jva*k$<,\rWT\0\nץX{D7ݿL[Z2p)w$j^\'2IrG/_+_ǽkY1\03$.[<@G*z_J%4^||fۤv75Ʀ[ngwra-lNfC^Cp1g?b>|`Bv\0%\\3Wm})2Jj<m[Nm`i[!$eaQ=3;	\0\"\0ԐX̴@DdL qJR]^\'R%$-\0\ZhGȪ1LĚtN>f@X{Ra\"e 2T2X[7w_|}෿O)`\'^X@`v.۸y\\QVzжʱmx7b;XUA2,Gduh\'3%u`r h\'VK(Xs)@y̓XC#XbʴP`pb3eǭr٬1 wMЈ\\яcU_ttG7_&HA`d`N.B7׷(&bUa\n1S\naD80rskTndm&?G/S_q?b]PXLQ\\K|\"m\\x_hW0\"myF}ޫqƶ\rmZ8\'40`eEy:L̯oO@o>8%\n;YWbVXwz\"OwubdcL\n?;Jv\n=*9{/MFAV:B((-V\nHhjc8!3 \0Y9Ǭ 2`Yє:x|`bdʀ\'\n;\Z{FfO_G7w/O}o|/R]\"(9V_.ߒ>br;6	Zv)CZNGoA.1ւYsZ#C0x0}\"ѫe_zgG|5Σ(ٗ=_;_+o*\ZUDVfwl8We0_#\"\"Am9Ia&헣QnlDuEҎtI^{L:oe`b72%Y|#W>瘨@}e섆g>/\'}9 -.xe|b\'7=h9cıEQWbRתht\\}+ǔ|YzgNṶ\n#9F{ ~1	;oYNs<{nt{\n.+<(7X%2IbHda&eZ!qvH\"-c	izֲ^6Ku5w_15C=NtVO ɱePGoJʮN5TRKճ@tmL8,X,q`aX!`ICwtvvRےZRեTU13޽,YRKjLxL߻s=2\n8M*`BJB`\Zୗym]/ܾJ:zǾ?*O]ۗ$s]xnӿ*鹪VC:R81YeҶWV[$c_>q{>h0\0\0;\"\"~\r{^)aUk{Ѷ:MNMئ$MmIoآfmulg}SV.C.<J \ZNLTL_x/MI(v\\`ےtP֓jTW\\IfzGd[Kh}FC5q&zӀSh	5\'\rkor8Z~G} eOjt<cO֤pG:nr]wWNKue*\\G\"Dջtpvx?=dY$Ă,y|q @lĴmgk a׶ƶZֵZ֦qs]wJbt[XgaUb`\0é)F҄Pv.%VO:gD5A5(x<MJBb(2؀ 2Pb\nqcUs7̥L! mn[	hYQpv˟\nS@~\\lnPl[%Pl\'~t =lv8W_v[[ҟ[qHey\nRɏѭKNn:;\r{ZXCdybG/qث\noxeLmv)-;n~]N7!®l2lDp3{]щb`.)]8*T8\'*􌉼E|4zi^HX`x\rFJ0J\\d\n5$ur{o/\0eb:6|9\nm]M:qu)žsݾ:gmKȭ~˲m2	!1W؉YuRM,;g;v.ScZo%vB=4UNflϰ]2)<	{بIYy1(mL?S(Ҧ8Y`l1yMTkGV>ch4h\Z{N@VDP`NF,&j1d}uq\0tr%X85!e\03sq?B\0\0\rIDAT=\'-#!S8BGNB\n\\ȦNMK]ҷ=\",mKwlًĬLLlxc_❳/04dp2sLsl	lY^l+q+Yh㋜[lZ<L{//̥U.Y!j7)u\"eFC@ilΘ 9rDȶPm\\bp0fF l2ƒ057pS+_\0L獟h3ϔBC;e?S0QqPLFwe,~w{8X;(U\n,0l%]\\#bvý\\ru%U;--0H_g̽f28=ԇeqݏ	-sAu%D`RbpL,l8Vo\'KD_`lsmx;wW*B`K5iĈl348|	Dp>dQ1i2ByEʡRVKdlՔDAIqkZb00讗c(dyT|GSτAc\"oȳ[6aZU  tdtzRZR\'j+[wԮZBl]*(/\'%(L\ZNGkd\0&N>sf&beӳ!1&M=^8Q6Yܹ\0))\'>:Ŋ^/aOcgBx2̤/3 b.ܿ 9[ր эzTQIVPvp$7CK!{4~g\rE.;5Ög53!$*R)wnz^4ؽ\rKج\rK*t9T2RKRԜU/=y)k\'6tW[a,J`8Vϒ;VXdO vέJy<c̻Rp\n002\'~	)]2g̰~{D_\r-0dO![<)okaW$Z,ޣWTE+ԹlU\n\r0tEzlNnX}\rf}dM\rcS#ؿ\nLۛ2\"X#WgetQ6ԻND=<THj=WrY\0`c%@,AatPD\'\Z:,%\"P9r~HK,4뗸r@h}~fh;{)6lY*\ni@B*PjL\' PF\0($\"\Z.+S,Z\r?0+E4:M^J\0\',w-OAA9P4`n#b)y%X/wo0-\"ISS%~F\rycmyf.vўxW!P6>:ɐ+,H{Ga؄HIP2\nq XIZ>j]\r\nۖD4Ue\n\'ʵ`߻z]cEn,oިƨ(VZOz/3_{d(PH\\AEU4jj~\'}4N7$D\nR1FY$f{!	g	Ҁ;ZmfS;9vNqܞqHqU@<Zs\'>ql;ڏ>+G߂?؂ga{-l@ԉGI?u15M\na#d3 auCX`]s\'X@f2.fD`M9=جl(\Z,JQw\n	*S;v/{åSZ޽yk;6\Z\\z\r\00>	Y@q,dmBSL 	~TL@],\nkآx}3|\ZE;(J9bEc1 P+\0↸M2˫bxڄ%pX`%<?Kb/Dgo^\nI:/I&H:3pdsTk`/`9pY*`Lmd2$Sش0	  {6&ރI5{i$\n.\0,\0qӅ	ta9C/N}n峯akA1KAI@\'b\rTś!\\e Sjb&	9T\0H/@p\ZM4X!CL;ih^1WMv$:4H͠sYxf:\Z0 >F0g$YXB{n6,HTr0P[\Z@r~f>\0 \'׀P\ZAa;nE˝nƊèm)A(At[[7pس~}K.BQH%]1.};B8*`\05Դ \0}{b4=%/ŉb&!Ј	E@nX\Z\'=-1t\Zy- Iyrp`|%#]yvnfBPk+]SFg5F.j =5$@ɃͷpiѤ*lBkR\0[i̢7o#K{ %#NC{Ҷy]]jðp\"O ~:kCU\0C(eM9Oo>bN\nb\nKF\n?u7oA\'78<f&`;s@5(Vؠ! Au	]|_vPo\\BFpIZmH{_W*V4\'O 	iov0No|5|v.ȉlʜ#]3KQPn{Yw+\'8AqHTQN3Nyܹ_Jəh]rmHAD*b5N#,@Rb559\rkCHM05&NYkA4\rKlU%GB)ٛΝdК?Jgo_$@uy護dMҺv\"wwE+_9CORL͵7\0\09//|e~A9=.?x7α\0Hb.\ZR+`|퐬<	n`\rwA\0G{!aW	2PX]q$PNޙjtR>=I+a@^?@MGȄ&R XE|MǞcQ	!\05\0jD9<SU88q翁o`K[KyYT?\0\0|sKH;sPWù:g+.0A_Fo_&ڧ?bqp%+@$D`$`Bo&mc׿;/)&P;o,|L\Z7݉ȷo?5`o%ſmoC]\0,hѾK\rY\0r[_clUԣmA@>zz\0<?߿WH*! \0\0\0\0IENDB`','нейтрон.png',NULL),(2,'2016-07-29 21:12:14','image/jpeg',4169,'\0JFIF\0\0\0\0\0\0\0>CREATOR: gd-jpeg v1.0 (using IJG JPEG v62), default quality\n\0C\0		\n\r\Z\Z $.\' \",#(7),01444\'9=82<.342\0C			\r\r2!!22222222222222222222222222222222222222222222222222\0\0\0\"\0\0\0\0\0\0\0\0\0\0\0\0	\n\0\0\0\0}\0!1AQa\"q2#BR$3br	\n\Z%&\'()*456789:CDEFGHIJSTUVWXYZcdefghijstuvwxyz\0\0\0\0\0\0\0\0	\n\0\0\0w\0!1AQaq\"2B	#3Rbr\n$4%\Z&\'()*56789:CDEFGHIJSTUVWXYZcdefghijstuvwxyz\0\0\0?\0Vi]܀z+>,궯\n8	yXzUhw:h[#kB\0\ZT6oQ]ktRъbb5_z2\0ݢ?d&Ս&4+Z^Ʈ|C䊟jhB:ruTTP\\Cu,mё\rKZ%S))ԔLRbEE;P!&;,&\Z;x=\0xfqw,t{\nY7ʎT\\k\0bMrB.+HKmeۂ~W,HmFwV3ɥ\'6qvS?ʮsP\"rvExg(֟}ƼvW,Ǔ~^\Z|I4ΠA\0اj^[#nI`pBTVzDp-#9\'\nEr υ#o1Tęf.Q&f+Դv)&?+}E{MgK4eT\0Q^I/<\")5(.8럼?*al}E$NĒ!ʸ\r:KpRPQKE\0%P-YRV(0ƫǽy\n?pN0{W5}\\\',!\Z	<Q)^\nL7(סx\nb*mW°ʑz߆QSA\0]8x0/vƶ+nF)hzq^^#9~>L1bqjDW	%2ʰ\\~ukkwH<(n4;Ye˴*E7Yy|׃ݬ[Qc-!m5;_AmwҜ{Bֹjlq\\fjEї+szid2=,Q%ã.G5Tѕ^I&z_/M\0lY,8+y­R44אv6Fz4SLbS7Seл\\) .kצھp;\0zwm%IE_PkS q^KnUFAD̀U^@^^3;\\}TgSw;J=eusծHC<< ^yOxRV\\/\0p\0h-&f9b0k䵖/	Fbc^erIv7.j_q	̣Ͽ2}BIkdcGGV>\\OcO 1M%93F!Dpr2KfQ&1NuT{䶵@s[24uZi7Fhn?o{HrhobE\ZuCֻFcH=6_Dm--\rXw~\\8e>~פWZu]+6v)1@XJ)qE\0y5}SQsqCq9cıI$(\0y2#\Z|/w$+̌OBR)29?9nrIIqКEQizu{b帍QcžmigInʿ*7BX\0:c:z=iB$\\wo(*呔g*R\ZsȄvcc?swZØJn%`Wi\ZC̽P%SO\0\\\Zgd&J#MFn>gNp]˨[Z*Zʪ2O>e{6ؤr7\\\ZҡkWP8Q3+t\0AQI$6yzQh:U,$d1O vnw{vrڔ+ck$pK9V\rƱoo\ZeֱpQ[5\'=;Lmti ^ƴN%}$cEXJRwUJJ\\Q\0J)qE\0yyz|K͵I8=g`hw%֓qXL~UbO[HQCPVѧ\0>U$UuƛUnr>וbfL~0!!ҵQm8(%Ў?[;aj\ZȝkONJMnhUSjg2(f괓˧N0j\Z+rII+W	T\'ztm6\"b[#<\0,\ZD	WB-hTqJr}qٖ1F)hb6v)1ELRb(\rQ@\rsrȊ0݁g](J	\\ajYU-l(	2m+|g5^ݭͼQ1~q$#,@ch8րx̒ֹ-OXP<\n8\n:\nyQ&H 9v~<Q\0fj2KU\02t\r\0_5kU,)<-cJ2̏	YImÑ5[8Nc<I<|zӯֽ?^\'v\rO4D\'~\ZDƥr1$å\0sEJjZT8Xֵ66x\0{\n/X[SXjX]4eGt<?\nZ𾪗{5GI}\0VwE{gQ4멠K.h\\t#\Zt\"l:uM/+vŬZ%\0X~Vi3\0SOֻ9\Z:)\\AshCѣ`&*H:.1S#oQ:dO\"QB}kGWqj_Ԛ-y;$31L/L&hǓ=74v<S7pi-;}o>v`=G_ӽznX6Hg~гwJua^>vُ{kJm7feQ;]+;Ci-lXRN|4 睄\0zUB8Vsv\"t>Fѣ8&8Ej4JXڰ鄶R9ZmjcZ/\ZpG#&!3\rH4fxn@ϓ.a]5|jszvH:}KGiב}YFkzsј<)h>7ݿVVR$\Z\0\Zx>s\0:#5磼1Hi9APi)3@ǑUlzJGL$Q)֝LGma.^թ }H??qeѴG\'?+}+[TަvH:,r)Lií1Ĉk:x&7ٚ\'~W͹-z}Z}.^bS?>GWNVExE-s!xSp8+(w(%PRExT\n(]5Ɩ(\n(#=Ӂvh17et^\"uQ\0xQE$)l}KEWa','obama1.jpg',NULL),(3,'2016-07-29 21:12:57','image/jpeg',4751,'\0JFIF\0\0\0\0\0\0\0>CREATOR: gd-jpeg v1.0 (using IJG JPEG v62), default quality\n\0C\0		\n\r\Z\Z $.\' \",#(7),01444\'9=82<.342\0C			\r\r2!!22222222222222222222222222222222222222222222222222\0\0\0\"\0\0\0\0\0\0\0\0\0\0\0\0	\n\0\0\0\0}\0!1AQa\"q2#BR$3br	\n\Z%&\'()*456789:CDEFGHIJSTUVWXYZcdefghijstuvwxyz\0\0\0\0\0\0\0\0	\n\0\0\0w\0!1AQaq\"2B	#3Rbr\n$4%\Z&\'()*56789:CDEFGHIJSTUVWXYZcdefghijstuvwxyz\0\0\0?\0+`S%krkgPS= $3҅NzOMQ`zb1A\"\0YcJg]7x\"h*|hy%\nw;TVosTۑ2OI;be8:]cåm;<}:}>kt{+Z&iTvxrݩ\'-kUЯ^Dib(ڥܤ\0ӮqQٻ\ZNE{nCsl+xvM&A*F<g-`RR~);5!\'jVfhtVt6yx}t0\rvUWW<<+w6bS\0XE\\Ra\rq^ycbHN+=rTb\'k5H?<oAZJ1Ԭi1C\n1#~\\ӎ9k4cLd Ԃ@GR\"B6:sB]\Z̽H.#\rE\r<@T&RGGM*??X4FϨpBh v&)9zSZf#r\rFjCҙ\\U\"4\\EZd5W-VZxiĀVծ]Lh;uҩ\\pbk-OWW413jeS@>\"<ƞPXnH\n^m|C,:n}\0J1/nY0 \\Ei8T/isZ`\n2G&,Ǩ\Z	`51z`De9%X{\Z5{ZUlqjl5{٧<1` Tru4>T{; zf&|#W/4V:jM)1$b˞KKSZdB< n\0~\ZEe\"dL#9c\nl04ԍQSTZ=Y#\r7TSY@ҶQ1o$!If\n9[_Q^Ar6񏙽bt3&K!0$u?Ql6\'ʷeYOUhŵ~t+XM64B	*{Wyi7!A,*\05\ri_%䶒ādqiuW]T]Ko*(TR2IQNV[%zͶE }ieM0jZB@ʎq$RܜFscFx~q@h3	\'Up>c4漾i	/^p9?LxڽsV0˧<N˹\rpk20{\ZͶ(Fh״ش2bwI^\0^]\'eS\nȻ۟^ʹGk	=M\"Gjfi-h~cNQF=ZZtR(1\"3#1nGeo$\"YH Ul\nYX\'{)ܜr{kR$ڌ0rGT\'ׯ9վ0+\r:Nx=Avck^lnDBeryV\n^_jR㌞VHcF/wH~owe\'lVpfaV?MOJñxoZ<k:y;0Q(F$u^:bdMku9oy$do`GCY9%*QS9]!V|2rG8ߡsUkjDw(<qq\nJ?g6\rstNYpH4lHh5Wz\"\r2[rCd09ggw\0@1R\rZM&gIayY+ Tػx2,\Z,pQ:dwvF۴T;V|@Un[pJ2@$F}Xz\Zꕻ~\'<1֩ə(%{5}ol`{Xԏ=TQh$L\0\nKދ:^OK:2R\0Ved6lV,7M_1^졞b+8K/k6\'#nskEFh\r\r\r\"}.Ha>}~JJ]GU`ʲi[7\r}qPz֧1b@+MeO66,ugIhߐ<0#ׯҸwkǸ۫9?SN$\ZSI=k֥B.ue71YQUi1I#`è \Zql}ُyl=WMz:fҰ/a1&7ҹkk\"Vŝ\0J]CL0|Ea<,jǚ\Z3.T,G\r~[X9M]״$夌v+{Iɴpу.5>n[1PQvC5v$V6\0<u^&]<\rw)&;JᴹMޘmJ<F*UtY4MAQVQjNiGғ8ǉ\n|!?Z]zƁđWuge|r	?Uf}18(фM\ZR*rRObq7hir2:T%&[CK\0_E{.8bJFb*}U4U-j!?>[F!44 \"20C^PjivIZ|޴w\Z<Sn~yz:};)jC>\0x8:|\rvq?\'rXKnGzpb2#!펕>&>q.@G^}k\nlps%R<#)Jfx_`z8#mrWqMJeF*C~%YC9V*=RTgpz=*C:eMFS)B໎\\ҥ֐z=A\'дIax`s6fJoAr{[Yd(+p}@4WrmF6LYF9f\'Yey*V]\Z v׌sM}\rSK\"ޡN_֕1R[57@pQґpi½b\0t`U:W%MpF\'p?*\ri)Z?w¹+S:!%NN)r,zhI81d#ڽ\']Ms%_1@?xc~a/ݜ{~>|?È cZ-k>Iu50^7<r56r1ӊmw U1(5\'𮷣<\Z:V*OGJp.1jeǛ\0tS-d<Lէ\'\0ɿ|**=\ncOe656de\'2(~q}4V}ed?JrDC)ltb0kY_\n>ͅI<5nrvRyW%3oC\'#r&Q.Ȼs }qI\">ҬU2;\0q47}r0[\\%~5<!2[2dsMaJ2kMo0\0!6){~_+Uq4!	OstZ/,ȯݷ9ʫRBP0{5d\0\'\'])Uu\\4`?ɮMNݝ]&r#eYN}3_A\\rv5SϞQ5z	\0(yv|g+G+#-IgGZ˹rɥ{SUBsDSl\"̍ފĳ}UPudcEfdZہx{y>U8i&7ed5\"+Rs	_zQE5V}J˻QYWګw7R7LR2ƀ*\0pQEy-P@#6[^ZHJ(+գ̒<ʿ\0{EtcE6\'>ޢ\'E)9\"(١','Путин1.jpg',NULL),(4,'2016-07-29 21:15:01','image/jpeg',10667,'\0JFIF\0\0\0\0\0\0\0>CREATOR: gd-jpeg v1.0 (using IJG JPEG v62), default quality\n\0C\0		\n\r\Z\Z $.\' \",#(7),01444\'9=82<.342\0C			\r\r2!!22222222222222222222222222222222222222222222222222\0\0\0\"\0\0\0\0\0\0\0\0\0\0\0\0	\n\0\0\0\0}\0!1AQa\"q2#BR$3br	\n\Z%&\'()*456789:CDEFGHIJSTUVWXYZcdefghijstuvwxyz\0\0\0\0\0\0\0\0	\n\0\0\0w\0!1AQaq\"2B	#3Rbr\n$4%\Z&\'()*56789:CDEFGHIJSTUVWXYZcdefghijstuvwxyz\0\0\0?\0P3!L`]Xv^A W\'?hJ<bV	E.(▗bSF(1F)hxj[֣1KZ1TQK(b1HcqE;P\"LX763n?2l7kZy6B)?ҹo\nOT beSGȤίb1]D\rb\01NbPqK\\R1Nj\Z\Zx`y҅.G8?BqWq\\5ָ*h/ʩ=My&E:cSc|r3F*;(;i>QۚFWIc;Uf)qNSF((,ey,kG8\'i㋭GA~ExƛM&[+9cw#\"Bph}FT}x#_}N#EIg`!(2H+UTW\0t\\*OnFw&+\'ǇmetUݸ0;V+֌9ZR❊1Uq\rb\\+Qv)qE3Ex3ʳڻy$/	vkŐtg! d\0WzEyVG/Ce~eiqIm*Z2q]霶#6E1R\\Fړm3m&(cռQ?-9\\3q\\?/IZ$#c>uZ}ݤ1P3Ͼ\n/STXfktJă?|)Յ=KlC.ƷXxZĹC?0oG%161O\\,3bQpRN(RhXn)\"0dr1֤S7q?dJM4RJŗBUK68[)pf0<;WIc]p`~\'ӵqƭ%̋HrJ>{bU[#-Mm\\\\=Ԝº,Wx\'RX5iiUE#\'y:cʽ#BwJQv(mr,71Z6ԩ\\mbah1EU-eH`2,H<ӊZ߾20<c<rOzsK+]25UYw~9O#\\Ӓ)u%m>`ĬlI\0`(~nMw=yFVm_m4èE!\'gFNz\'5\'Age($qGR::UG^O\\GПm.~)q[eI\\Q[(SA\\>RQqjM^dќylbA\0s;A><%9_=^Euݔ\0!]Iq=M]^\"GqtYIM[9YoQr?gRAy{KpږRA~<`g)lt[Eg;~\ny^\nɷu.;udeUV-.0	EW;@x̑A\"¥GR{=1n[Ih\'e2(	l޹sפiViu2\0tq+z91=J}\nȞS(l+^ofyբq΍Uq?N]уYX *8ۆ>2c5gi+5hR\n<c9T$6WU9\nCҲ9kh[XI [sF<c~dGO˚yBz?ʊq_^iIwqJ5PoE\0xLߛk_2̑@W??Zo-ѝd̄&%߁\'n}CK*\\gzsrC\\>\nస\r+Ka+tgytìsdq7S{)\'t]̫PȊG\0W<E#HIԩpH\0率ֺrvG5x(fAYdxvO\0~~H-v;ĸv\n.㊉N(؃0mĊe(d\n5q2_\0nu5,&@pBO-;?1v6NtTIp[{rw|\\?\\\0geRoa$ܩnS}m( \r#\0P1vlN#jB\\΋hVe~󷷮GE[<bj4q뜌5浧L@6A ̄I8#><Oqy$`q.I8eSWcbÚ	as̃hAʲ{|yceDGA板zƳ2\\:S[x\0 パ5]I-u!D[oL8=Yф8\nW())%B˅m%Iqt^$p.ܞ{S^r-AB698ShQGV<pxMT6=Z-5{XZb@L8|q\0ҿ`71~%KBDl.q[	\r\Zk\ZۅbyB\\]\0r}N#Ҽw)ǚZ!X]\\Kr$BX86?Q y,<mAMWU\Z;Ym8pOgvo5\r[Ri\",ۄm7cl5^Uq{UVvcEnb 8P>3u~-i#wܠ =z#]7kY\\|Ambo1ID;1YWjRi+q 4x$`\\uhU+ݚԦݬO\"h 2[\'^~ԲX\"V})U\n\\s3+2Oi2zK\\c#\\DJU@U<?m\"4.k?bNFvX^#:tJR%ħWVf$\'nva^Vfz$LR\0y&U,uw\Zܪ@;~SN9<V4sM3$*ds;IV^qU>t[xTg]̼n^X´uf7ysɅܲ)ǧHqwYW-ʾJ,)(M~@m%u	%F,%e\\$G5{mGMOIA,=~/aF֎̈́d}E/;k{gM1*?1&ԔrСwdz[KEtв1Ԍgǽy2;Ϛ$g#j>-[P2uPN`WMcM6rkcn9p*«-tyΞ?\Z4[=&ClbLXZZ2/_)cmC-WCfYdHG@F`?i}as\r&8<hXqӨg]*II=h7Rq<i^R8!T};f++=2}9ukp.$1Y\"R3_+xTg:j7vG<]V>M<cɓvrAĒ3\0sw<Wzt7{$e*H#׊7=98+~qֶu;sgy+1sAi_yܥ}C\"Z9t8&#:q]F9ЁR7$$L\ZVdrIq)X&VBE.A2[)ݜC4[rTuGtvr9nK*ZqQb\r9\nNmẂn2`}Y<wӚǆ\Z8J$>i66#dDMF8\\\"8^Fy/	$呖gUH.-y>?,gҊJ۝ֆo\0\Z?P1*]Ct`pJ湒a\'<SBR~}/\nƻF)${\Z=\\4,o1gzE%zWEFKN跺\\4db;Uyb+p%uS\n\0*f1 .\0#\ZQ H0qNG슞\Z*0׽>2l8ǧ֑$)\'r~0<*]W\'$z]<H=ἡp4~N(L_?;>wg>ՌHLq-K=+jf+wҔ·ӊ|7]ĳ}Zf_yzwzq+Xilh2?z&XHc5brjڞ\Z\n$\rOG&#Ӎy*`?]9?|<)yO,ƎJH\'c88\'+98c9]RXX3g$i\\RX?Jv*.V.y?>\\YI.=+X}RL{	) JծSTFg&뛸-9\"BѾ@vb;+ЦdZJ\\a|;qe0}ku-J/lɉ|a^sXrxvk;o2h2.gV{m9.ㅅV_wZ2uh\r7ihsLe-pli,`-pH\Z4P3m$dp=w.GF;qSiw	-✏.͟֐jDF[#:eHn1נxK#k/Ia1;,G2ݏadr8V5\rzM撅qOsėviveHb2ȫ\" H۷ v9ɧ5cK5N\r7w\r#e@$N+b[lmb0H8##\n2zBӀ;I%8GmHaRQqz{TNԣ]zk2-Emv)$g+/in~Yvy91PVy*ȷd]D9қ@OڠW-_#1W*KƖf-oT\"FXGZ%\rHf3<r>T	$?ҡ?;\Z-&2$AFnQܬ|#հ y\0UJt8<t4쭷hS,+X+It ӖмL3*N¬%ж:;c2\'>vZ/Dէ\ZDI\"M,N09Od\\uޤF=Hڭij7.\0gȬux=Eg:/g[ԞF]9#8==+oO,S[jv1D$*|?yo۹hzT*/`yżLEċv$=\r\'t72ηFź+v5u9$Z7Oo#=deӠc7i.Rcy@ta@ʓ=js*ӊy<ͭ0fHAulo--nnfȎ\0Iֻ=[ºްLJ-9;\\z},q+ӡJMHκ𞧦-\Z̭ zb{--3Z4m9N~`p2x늗M˝.x8I][mkQ[K4 %\nK@ߚR^Eo<\\i[d.\Zr+3*x^Azx;Wym.^SnQUR8OOxhp|PH\"~J7T;?5sq.؁r1g;y#j{ mmUdxb/qzkSM߆4].\0Fd	f8={s>?}-]+Og%/17lt^<	\'3yED-%E\"`\\\0@\rN?<,e`ws??jյ+02\'\0QEx3 xtտ3g<ԥn[|%.F٬QYwފvjɗ~TVrè)-QA\08q&qzSMm<z l*AlWI\'قm=\\gpnݟ\Z=㞽zuLw9cq	<&Ȼ=G>ߝXOw+i#+ V%O;b73R]*	$օ:#\r/QV2r2BwfY|JGޥaWMRX>qI-%e81:M({ɶsCf+Kc~bIW-5o][ه	J oȹx\"?ƽ\'UQ-\n\rDV0{ll7$vGm&[28;\0}|\'x[LG,!F9+֣\\hVA+#9SJ^ǤM<$2x zw(\ZΒöȹXt%iFH\'|Ժpi%[<>V-Ʊy%<튻;R8dp#iV9rM#hLm\"YmKh<s+M>9&s*k<Qpۛ!ҽ\'{NZߤ]GW(};f|zPj&;S̬C\0O<~jZ\rRe#ҙv@T}3޾o].szsլۅuv$>20{WMI2rն05O\0jDm i\"϶C\0Jo[[XiЈcx-$y#Or\\#CQx޷Ho\0%G zW]WoZJjgg㛝bZ$]B-c1^1u&m!quOԟrm4f\\dWc45&L:gzS8ЎR{A$OK2zg|Q4B#a`_2Aǵv\Z_{=r\0Ȗ\\)dEe#ъOj67^%܀]FϟukX{Z^fSb khhŨ[8ݳ$~q\\[Mn\05HۚQȶv	3#߁?֨#/\Z܌r2]+֫c}敨ڽF9H=Kchm	YJHl ,v֭t=WYzkJ-2}y\n<	nty[d=p3Ӟ޹=Ȓ6H;yÚ\'Wu%\'wn\0x6zsyƏ||K-r4-4LG2GOA\\Χ2It5I_:K,1CſA\'^(nE,`\\,i[E̫\'Ff^716W$/0ekx#vv]{}ItvM9L񐄁\0\"Gᱵ{}:0S4R\\#\0.O&7McE@JySې+tR7֞Rx `*A&PW\nǃӧ^4|%[]=+6 T$\rrMy\'bII`:ƒ5E]Fkke3~l\0=x]COUM΍\0%iou,F\0Nm/_M\0\'\02<WLZxRŤIq\"# 0rkbQӧD+a\0{ʼ	y$Ը*{8׽w;-᱉c͕\nQ>.$3ѣ*n>8DKHK,ֽMz4\"tTvɎW<^T۲I<vY༌Ms9$$o$FfӅvq&%6GB1ҹm\ZRFr1קJܸ6EB` !<PNa)b<F9tø׎韣v᧜^\"1@](RFI>zG{8VeC{rYywFi2sF{>VjWBHk:.:d eT;sZoP4M<nq~0ַEuv,9OZAtF\rNK㩬TIY=Ytnf<xdD@zy\"YΪ#ֵcuk}ѲG9~rrx5yg5ǰn;Hϰ|jsVwfA\"Ko)޸-~(᫸gRQہgZ+ʫ+8a>[TN*	Z?5nR@x[Oe\rjnSnC9SPCu<s,<U\0c	$WWx~KTu.\Z`KOpOVs%+DWd=Ym(é4v,1rȭs:e׃lnmMDXq1ҺˋIU\"2pq?55q(b6ca#NHhv\"ƗD\nLc9`WWnou(\'h\nY#Ud\')V7KG*<9j~&+١o4 E4V{}>i[\Z9H\069<֌zZ[	s#336Pno>Ҧ}OUodK5ۍI:d6\\PP_rNsżZb\\#==}*\Z=\\FIm\0^ҝ2+2@O\nְ*f-Ň.Aa,2Cq\n	 gQӬ2CrFpR9\0qspkpu\0=SL+I{Dx;>֓j3G3m}\"m:T&n&.G|ޱ-eWf\0%HoYFP	עmtk;W}65PW98֯R{1Zh<_g99j\0×zti\"B9*\0Gߐ+MGqBO9<AEGoue42MDJDö1ʏZkAIy=Ƈ,^X<nOFI뎼sZ-8-I)_vҧ3q-?D_ƪ#\0\03\\νbۣjRMy\n^	$U%.IsG,Ap>_.BX⤹R=\Z`s¢q`u*CT}*e-b*fEυob&7orI_Jhsb[̜I*jIxH \\s!gQ>6SlQu=9ueNF/[/\\(\0{EqWR˃ss30[?V]b}O0)Ɗ+3g8\r1QLΠp٨͔G\Z({HG\n{{V>ᩴ9,iz(Ӄ)2=Rn].dUhaʊ*\'B6*3{\n-NXiʸ=IQ}hpTzU7O\r@0UͻO֊*&A>T2.2g>ZhT4QB`y#\Zk$?:(Ϻ(0p6LeHULc\07\'G-̡DyU@?.l.?3VzJdEYFѳFsoץQ^PK5{','img_3201607300013480.jpg','Кремль'),(5,'2016-07-29 21:15:15','image/jpeg',9307,'\0JFIF\0\0\0\0\0\0\0>CREATOR: gd-jpeg v1.0 (using IJG JPEG v62), default quality\n\0C\0		\n\r\Z\Z $.\' \",#(7),01444\'9=82<.342\0C			\r\r2!!22222222222222222222222222222222222222222222222222\0\0\0\"\0\0\0\0\0\0\0\0\0\0\0\0	\n\0\0\0\0}\0!1AQa\"q2#BR$3br	\n\Z%&\'()*456789:CDEFGHIJSTUVWXYZcdefghijstuvwxyz\0\0\0\0\0\0\0\0	\n\0\0\0w\0!1AQaq\"2B	#3Rbr\n$4%\Z&\'()*56789:CDEFGHIJSTUVWXYZcdefghijstuvwxyz\0\0\0?\02p	\"sɪpܟa#D%ݸn[|eR¿a瞔!\ZSбԔW,Nё$G\0I##\rEMId&BY9)}:ޤJIPQ.w\r}eCˏ#ʹS\0Z\\iZpTON\0TH_uQI\0\0C\0~\0\0E&nOoSL*\0נB܋\0}sQ3\0@|c?So-K=⚹Vۃn^v1Uf dO\'85,ʒ9Q_=[\'|AT\"_ҴvJq{[\rѮ{1	yICp\n\nbɴ>|k~0y\"][r?{EIpUty@?\Za*UȄ3$A	,\0Syo@xKQP<2\"WbE*D2>\"FڑD7W?fHخT7V̀C5W=rzimN3=~v4Hݷz:`ts}E`>ҍ:x#ڳ6 \nr]Cbf.1MP.dn{(jn%mc?ZΞd7Mp܈z?Ҳי?ʣ*|:\"#Ή ~g)^1)7<lĵHӢitV\"gQ}^N%Y#^x6pA2V2aZ`mdYz=>kJ.4џvuǩօȱ`S\\ޙ7ڵ.9MUcShnMnb8_TS98$i5V0?aZtW\'\0f&IIc>]M?C.環р*k$ޢSi\'\'8Udn#an_5%8R:\nǵkRkPНr}4u\rآD#*nciڼrv5ؒ ?tn+5=;Z9Hn\0<4erhlH9n@1ɴ¬L`9<Ui0s#9bEbAbFqRgF͹=9u=\n*05pdrvյ|7\\ܦ)x\"5\\yd1x@72$TpA+v\rG18<[\0\\=$k\r.A&I$NI=Ws3Wfk+he1ooΛ韥kP{S~Ƨ;P+B\r>LNGr=2pX\'qZDc>z\0Y:z*tR`2WT<5Ȯ:oSijk1=k?\\KEzYfq=^69g=\0ZlڇZJ݀\0\'h{ tHL	Ϸi0=x\"(@͕BCI&mȊ3T%/#}~tTHHQ\0ꢹ_6\rU^uC9U6F63<RY[RoC̼AK-V[5O#}$$+\r5q	K=1n^x7+.AU#%%p@yr{|ܚR=ݞKմ-*ȁO$kü9mw}Ho@68vu`]܀sҽᢴq-A.֢It1WTǞiϛq4x+>-EֹwRx5ܑ\0tZo.JV6߮D\0oUS=_^V\0\0솩ٿI/_)u-Kw.>Tj\0y*3(Zg?ߕ(u~TY7BqQs}TQΓH%$LcMD\"y|KۃonʩxH$M\0)rx\'\0>\"|\0+2ܻguV߇_G!`c5[=wެh({m6И$<0wZkS,l4>s ;\0A^dYj\\Qu W\Z޻r b<(£\0uF]\"vf>`ݏzJfG$zWrO<zqWC\r-n0@XŽ~SY~N~=-B\\qrB=kPY$Ul6Go,mCnq*a{b V*TW[x\'S[lO6qMzg@W}5ڬbBJܨ,ONO1׽tc4O63>YBp}+w8$jjQsyeɅU5MR%%ծ5YLrܳD2 IkSO	m-fw\\lw3\\Sﻎ8TmqeO?b]9(b[[aTG9gT9={-^\0Z:Ǩ;L\0ץ\rE.HEv7U_\ZSisny\'?Y}4lزlEBȸoxN/:AϊḧrB@$ggYmFO{׍-P&?\0+{\\lr$Edʧ\niHlf!x\\]ν[=c`]rqWcgcCtۭI.ą9OƳS3B-ʷ>3#\'k?kq1|X]kK-Ui%+|z]$S~G~¤↊xF8\\ӚZztVp_ +ak/=H+Χ-˚A\"Hu?\nt}0@#/\'y9\\뺞4jk23N@zrzaX7wp/!֯R6@)z-qi#P,ʘ>\\R幗;qsaC@Q6s\\ׄċILʾwm>+y&(H+]7N$\n<5Z3\n2wG7ʒxe=rOE)\Z^.~鼴 :1׮O>RqKv\\jI9gr{\Z$z\ZWҜH[8)3q]ς5-KK&O\"$,#לNZr+e0O埕ZgspJʣKCg+썍~%\"0DS	\'ϧSֶnAb}z\\&_h֪q$Fx״V>3Qł\0&乚s)p(Ǐ\'U;a2@Njz]N7q#Ogw/?\0Jp鮆p/؟4\'@F:Q50!GvIaF~?QnwvGg.5?VV&,Q(piX*I?\ZtO\'ޤFMÍF/Y&	N[XW裁Wxv3|@dZbC\Z8=?9aҼAkQ+ڍᝩ ,>~\"(Ze7sfC%юOsּh\\r$G(YN4B<4۳}q^Llk\0ºφzӮ&xՠ䒧\0ƸAs\0\n?Qz##R:_k/2.G@fMz `t}\0U\rtX_ꗖjUs$cͥz퓾4;gW$z&/B_=j&f\'wqYکݢm s{v+ngm[1˛\\+C2)maǧjҡ[in9#]\rُ\\ƻk[K.lF~4GY-XxXr:莫C).Y&]:Үl%X!㓎{佂f02xP7nl^N!ҧruʰ0qGzY^=\"-\0iKO\0P~V$#?A\0֢	/!.@򢲒mke)\\AKX㸮\'qz;US|rpNOƲV\\nCzP[k,\nrX>YS涄:}:]Ğ`\nV1S!JV\rEsr(pdq;]vXl|ŝ|F	Jdbr1ڬksq.Q#92ITdZO>\\(fЇp\03ʵ\rխΛ=?n=IӭywuK60;)=q5&7?dy3,v\0rtm;j)|.=\0r׉\\II8ףL*.fz*\0\ZmM=,ۙ`qkj\n0w$d%$bR8s͙l \0	QQZ>?f_-eP\0&L$9ϙ%\Zeitu	~u<y;+,\0	N7?9\0[67c$ω.sywEA9mhFf\n,I2OVgb0b\rʯM펇junom$sN*=*]ZX92s5^ou$<It=H	 1qD\n0\0A2IqvYO{j˸Go\0*Os/k%{22K\'uOIll8=+fК]}~ԃ8i2#7Gvr\0#!7Ĭ&W4U۴ĂO{X׏d%[a#ԟʥGufs\Zޗo7pƉjQP8O״fQ0#/\0D(UpVGth$BN\n~FC eL;ZWgEg&Aq||Vc~Ye凜$jC\0:z8EGGvݧyVQ	^\r-ƫ Jp+s!jݹ9NT:rcp~қ$͇˸?6#Y@ˡ#@t\Z~v)GNcg]\\ŬʹeYЖFyt\'y^14xLRkڽ`gQqNL\näf`p<lexi	%QQqz}[Fn\'\'2ь,\0=5RH-xSa#k}ޮ5ȧ}zzjΉ޷o]IW6rsY3cµ9-:+c\\JHfj1=ঁ%:qs4P)V/\\H?J𮐾ђŤW&Ie;+]ddy|#jV}dcjgrs	=j5}B%($P`lUU#ҼWvJBlgw#97uFݙzbRH-zWo&0P|38b<~2\0GbEY\r|L%&U?NG$QUKg=Pxs]Vu?Qy1Hx$ҹzH.rD\r(gleC`vNW:Ě7\';]q	\rpzΣڴf_2F\\\0_hSw=4Ha]_j+T?\\?Uq/۾q՘򬮽\rAd1JSڭƑ+vaʚM7W4o.6|𠟦+<rz֍hYh9+	FRf_]|iij;kq7,(\'senZ2U4fh֣emqE%{uIگllwfb#ֽChO@Wݣ\Z2)V!SpmP@pOZF7KsI2#6ͫ	pA漃[ \rX#$\'v&9m[t9X3}Mq+\0^KjNJNrܧIwn>6>&4闅 nc[Ò0a1=rRy[8 1ZhcRNp{Tza9e0\0SGc^q:o΋򩘿>?b麽ޑx.l1PЎ=%v\'~+Nxx)R֨cfk\0|m~r?z7\nH<]7%YH3,A篥sW_jH\rZCI24`X`2n\'@DH2H0OUb8V0:Di\" 1K? ]=)$uq&8(d=ΠO>c`Y3$ᰩG+GYBn}``+Ӿ,7aqrƳ6H̸ܬxZ&pLG*zm.s^VT<d ~U/2Y2A(tAB02>e2{ޠONjy$vվ T~n$&81ꍺc#P?U02x1кBIfy[b\Z_LK0=@RZ|?.H7wjV+\\\r\napRF{ի[D\"x 9l\0ͭlt,:Te|rM;(c#kE,~s߸8#]Q*JGi;\nQܸ$s~(f2rv }s\0V70A/Ti4z3xfNr^/[Pn$.>A/|R[\r]L%Zغs\"O0ӏµYŇu`c}i7<T%ސcع7<!rqI\n}?\nHcwJ[pں&fL\"b0a0ǜ͌EP\0}X֎jVO)5YRRN8dNϢ+Ԑ\nT7x@]\0T\0^NpA]JF!*؋xPxh)ݧXI<uj\'<Kpa2rPl{`Shjm³hn/׾,@O#mEA id.cS=HQ]N|{Qc_g}O;ji+Z͚2m0G6ޝW=zk2&Ks+c b$0ROr#6\rQ$-!wF~rCs\ZCC)9V?bM`&\rkg?Q\\! QlXiOW(\nL˹$5iAO\rXsӄ#dH	A>b)A>&Ȑz\0\\}r*Um+GmtET\ZF>t\0qZU[&\0?u\rZI\'=M\\HU9^1Qr\\)cȬ=)zqN}怰61b^>%ı2D9J?m>p)_\\Xq߁O![WMs\rܒLk.Jfmw3]U:n@=D_ФLHObW7V4]corVǟAVLc͏?R\0^ŤŮi#}#Esjuw%c,Үʳ[l.r屆GXp7zV-LBGADn#ZJ[a5ȱI*>SfKg%N+Ue8|To\0PCއm,\"VzU{S vELT\rLԂwMU6@SL*ZgHԆJ抓+,,Fr(ko_jVѿ\nnO;Ǳr@:p@j`vq\" cRNأZiZGzP.RV?C)b=T$1zn\0zqIz&2Bu4%33ϹP7;vq·n1ּfTI0rC/e8\"ژCdf 9KyXQx\rߦ=6\03fcVX,AhsOC\Zu7cʓűBأ\'4QYɷiFԙT2PETJ%U<(!粷EHK/BEJggQEZhڿ(KwSN?QEԅQ@&B5Ei	S\Z(4}S6DeɑQE;3ؠ:Ob(g\\%7+','img_3201607300013491.jpg','Инагурация Вовы'),(6,'2016-07-29 21:15:24','image/jpeg',13363,'\0JFIF\0\0\0\0\0\0\0>CREATOR: gd-jpeg v1.0 (using IJG JPEG v62), default quality\n\0C\0		\n\r\Z\Z $.\' \",#(7),01444\'9=82<.342\0C			\r\r2!!22222222222222222222222222222222222222222222222222\0\0\0\"\0\0\0\0\0\0\0\0\0\0\0\0	\n\0\0\0\0}\0!1AQa\"q2#BR$3br	\n\Z%&\'()*456789:CDEFGHIJSTUVWXYZcdefghijstuvwxyz\0\0\0\0\0\0\0\0	\n\0\0\0w\0!1AQaq\"2B	#3Rbr\n$4%\Z&\'()*56789:CDEFGHIJSTUVWXYZcdefghijstuvwxyz\0\0\0?\0ԋR6񅑱c%[=oG\'%H\'Vi|:ڕQωH,N\0lPr;W5yxg	$rWl@)|QiLR2FcRF\00<\0x[;m:ʄָjͫ*	,@߮9ehreis6\0o+B\';Z}+b1(TF3r:Y4a[<t=⻁bPvz3I3m7:V\"C{tu˄\0O;x#5lf.$,*G\0cu!95p^22s;iDGVmdq#և\nN޽[)pȼ8#qUB8o219W9䌞GC޵R/7y?\0֪5ŤRJ	\n\0@=[Z)ʌn-ZePB\0v@;N{$_zg5lk_)ܐ$sd硥{I,(Fg~МyE\r5Y+ӵ`o=	G\0=})\Zi|1s*1=8?K5}70cY9ьػhdIi)v[1\0<fyDFVFc~A8#ub#S=ɨ(ߌ~7{o-\"@N1nǽV\\\rJ1j#fH1cś5weaygTPZ3qF2=*u.TvSӢ\0z \0Wd>%^^=%,mƲ 5Z\r2	)$;~[s]cG%b:{xDv@c$;\0TV.K!rΆ-O]ӵ\"m,I_ӕ\'xmCq,{{ʿg5g)ny1ӌ:aua\0QO$qڛy=[4H	)1xnV[Dѡ\'<1S29hgUYBZ-p:~Uia{˩:V=J$sl`<g!]d}}8x^е6N+qk5¥ź\02=jX]_Qׯh^/jWhdz#\'J7	rNX:5yrɶmcE\'ӹ=+m\\X\\~kȠ\0zz^) xkH/dd;lqxvpOyNUB܎㊙\nZjU\ZnkS]/Q;;\' spyZİ5\r<Y#AfmW?c.!^ce;z{א$CsљF}pHqNIShK\n8}q\'T;}`#ϲOzeڜ6פ8v^ZZbF_z&EGbhSס7\Z(T}Hw}[~Il>ԂB_r;^3K#md\0yn3s+ K#XM%|3~M4,=:6	]~(ۏjb7~H|==׽ys=Yc @8\'kgAi<~|P5纜tl$4Bz9Rj(v_/Hsw]Ou>8t-{Kj(v]ĎGq\\f<R7FpI\nO`{Wm%zkIw\'2Br@});6Ψ8dy\Z9\0Z)S8wSI$>S,K}].c P\0\n\0N6USQm6 ms\"d $҇Ώ%L\0Q٢]3$`Ll\'W?:)~CBVGGqm\\_OJ҉\r-3@>oZj)=RF!fJRVg6AWu\rZ$RWD\'giɢD/Y]6n8jGf2єLF ;կ<]˻[y\Z[	9(>~2ΔIj-̈́ұv.K<:\0df8\'=S&-H\Zx6(!Y^q\\rt\"TՓ37\Z;Ccm\"$R\\1dmy0sқ6.∲Ugr3ס5E#BZ ˂ݺ{@s+p\0|yIsEJ-x\ZidH ,ϹQ]WL\nwӮxk3h,I&&G՘Igp8UZU}NJ{eI9x#bhMZ{α\nl|qU$ݼA.\":sNm*Sz)G[{h`p*\\>0xV^j:\rLHa0rEszͦE3yЅX`s64%HnHy^{iC<K}Zb)Y$C%px@+!|=s2\ZKvPo|Ōw2:ǧ˻XuOGuoG\rl$Gr[#5uIi\\Fqir7veSUc<[j̀[s|iXl9\"R;\0Myw<_M:}69\Z4B\'\rtOqtO$M7xGXާ#<cx&ҊtkM%N/BQ}:Wx\ZBƇ\\q׶jZa%[I*HR\"sW[h0%ժ6L`1NZL5a51X;Uy2#H(@#j-Qm/`tnPNwAFy8:m4/x1ڲ\Zʸ	@2:jmb_j\n(PrdMIxs\ZM:h{ܟ0FWgsԊe.Kdqz·:Z=s˺ϖGS\rṴki\r¸WSǯ=+=NWS\r2P֙m9dΣr?LqZcRNWHKY7Jtq	\0áj鵿n7k8c	qyI\0E&T>LQHI1\0gDZƬ:AE4đYB9c2*	u8{qt[ʢY~Y7\ZjֱI,c;qV\0{s[BǔO95[Sݯ|c,H\nSZєxO<@py\0~xZ/OiD1\n#\'@{cj.ixfBD>H*8xɬ edtbcJLKhX^o`)m\0	T\\m\'.d3+FEj6onCK$)=99+\"R\\n\rqߵdϓO3NMH8P>wn9=hly@T1\'5Z<Ǐ=kVPظ;Ǿk}cFDE1hlwgW&#2$6H\nqϧ<W84wV]Eͭ$b@\0\'Ȯ>suwd.2$ۛ9?\\zU;P~@a)##W۽3XLшc1#sƴis^Ǘ\0CyG\'[&3<b=9Dkc$<z٠<x\0d`{.-*Ik;dC \0\0#j=ݬhҊn\rs$40%0<}s޺	k庋-:8ۖ-Ĥ{\rRC4դ[΄&(G5WVf:	\0P2ӈl\0#dg#~|խɨ\ZJId$ss4`F<©.ws;Qy5Gh-jݖ(S=+7QEhA\r:I8ʫz{C]Yվl$pj:|ZLW\"YU:Ÿ\\\0HٌDN?[\rE\'4E$9Fm|m\Zme~C80ծRsq3[ZuG\rJc\n3\\@_x#<ދ+BiKV%uv²=HV9fl-1-.&#Τ+FH#GN֫}r\'i%ylbH[/]䮱8;G}cvkk(.VLC$C<NɅZMcZH[Qcn\0 dӑjma-%&J0Sצ796rbGo[A1MmneYAhc1u>ٸ+8o=Ӯ5\r}	bbKG\\\0Fx {`TԵs4i0uhpK)ޜQMNLtɶO%\0>㚫%QXs?gSvJqwdTpnkK\rjN\\B\\g(<a㋔O[N\'	6ޥ4=K}7n\n8ǧgx2[8\'h#`}j\"i,T/2͓\0w99E97:4]U\ZWjzuJlM\0pW7yż-]z㒧+ִ/T+0?6C+[7i~\',߻N8h39jY6;-qtąoֹ/O-02n\n9xOFZkYc|rYNԴ94]fD]9BަRw4}{@ZQMΎJMDJ89*&هP<n]N=0$U*moi06\Z¶T/\'گENsɨ-DIqnx532rzRNƑ)A@^*g$2;f[A<*rX槀idWWnn,9IUnAf>W9b)m=Otu*}ze&hCx>#?hBd*%#/\0^hp5Ӧ11&גW|0,Qr:jXIl\\I]2\nc9:|\\[RfvOQDr+E/̲?x)\nGWGgym~fDϗnp$skWqR\nqkBQelr7`gȡl	]\\γh\"	2\'\0u]У2>>I\0_Zhrzc	|[\r.($1dq<\0:RnWV؝68H}R0<\"tI>VݬzTw^,\'D^9)jeK&nnKefxGHkOuk??kK3$K)ho	sM.GLSz#FR]cVJMb 7//8;c^U.`X^*q&w{#ƾbѯm$t9fzСq\"L u?>nqþegGJKzf>Y]C\",NůO0Mɇ#$dacpy)yq0PQ8G79\ZHo;\\,NUh:};3\n	-u\rEo2(A {>q}FN?.. 	(\"`|Gbx/ Y,ZBit<a>PLF?xveɡdɻ>حLF۫YTM=G܉\"nLs~~-|r[=[;ZnlEcB\0)1-DqІk}bt\nfHܨ ̧*9JaK\r~$b6b\'RэJQz\\9\'\'ۮG<$yk4(<p\'Gh6\'.O*S8ᎄg҆nvJ5JKL=8♮ei*IqYQ0@9PyVFǧzԮp(Y,r:h\"\r4	6̛Ou8#Ѻl?*y!̌[\\itc1&91`~Tw)GbI$Q 1hC*[K[gY\ZcVKy|Uwp;؟od6jsGOλ[Xج|r6@GBgnE ێj0{ϊ;j?ۉB12y*+a>\rՅe;9$9VU$Es)jθVqV>_3!Ǿ9|9ȁ_2pho~[<~U.:&ov%C8)zP)$g@n@_Mxo01$ag9y-x䍐naw	&ŘJWcO*,wQ8ϮyHtt(\r׎zҮiV1yQfC\0}Vr_k}=ፏG92O߿+|Ew5B1v+r?C^ʋH,S>bOoXTbY.\"PW?P?qnXvde֮uӑzUY(t/Z6{ͨa<֖.O>6w5H!Hs$׶K@;Kq4\'#}\nԮٴQvt=+t[Z؂(}:-Nft8]J.F(AhK		[\"ִ(g\rFy6e^eW/jaUɔہEtf0}52I\\djsyBo<\\iv!).~r==ꎥn`.aSfeW{/Xx&{u!0v\0cRsKFƩWq[whkk爌zP\rg[ú#֧GPA{f,@*4k1&ܳM@Gv[	yfog=j^2`twI7AX~Er61Kq4_c9zoY`!Y$r\n݀oA=ƭ6`(%m,~ot\Z+\nZ%*6x\0ΊlS9gCl/4RdY60X<\'uΗwʹr؞-o[ԴJ-EA˂N9NYч5/М\0HF/t%d*3^ JxI+ ʶ29zxBsu(T{{זjW_z!Npv׏ҼwkSU\':9;%T<icTunߥcHڲc?yx$Ϝݗp\n{k\ZtAB/Dj;mSPRYM`s\rA}KI?¹]ˢ\0IIpߙ<{\0\ZY=ٺ)j>7wNjoO;sP]@vċמ2Bd`]Cmc^^Zω\"=#y\"asr~Xy\'TjRYmbez\rW2\nŉYr:}+5TkV:q4A${чKWAQ\0]S[Ijq(L7_r#UIm(;6JO	Hd5s&:yǽq}41i@q\rv^#֯.kZ8~٥jVZɉ1YN8=x]̣9?/.㳒.%[Yi\"B1TY§*kXk~F=̶ǘє\"ÐVo6e>Yn`F}I͉v6\n$!=]zz\0Nqς4[5K_y2R:]Ǉm5žDq_^\'X\r\\w218:WX~]6	-uR5\0A+=sZJNCŨ\"{yA^}M\"i[Ucv?`E[Z*=\"Xf,Ors֊;mh@#Hԑ@Y\\#eC{U;V+\rȑ#\0תi]G5t^֓z[JN^~\0{ȡGns.H$.e$^}=OyGy^X\'Ktt\'hN1קz孤5;ԕ[~GSl6R~-QI7]J6=k}ef6G.9uoPMFHv@<J58+=%\ZkBGϸSc|9xߌh>xv\0ެn]]HN0W>4M<]Rq\0	Fy_Y)<vn	2gX9MG,B.pwGtxٙDÜ7¤ݖ\02gJK(֑ȲἆH,攂\'Wm=>SK͍;G3a>mˏ,sRd\"}w7+}+4em[^%~F7+(#g4uZܛuk¾q@G\0GkxZ6X~X`\"[mU*zM lS:Fwc//kpLYpOݷ=.]C{sqVBx[x֣9+a{:Yѱ{wc4mu)$rN4+$\r0wxe#%۷OU?cM	O\0EڏW\0W^*aW\0-?ۭfv*9Ԋ\'a8$+O]N?d<MU$0!\nʸEmynpRS$aw^=^쎹8T0HJ\"]\n=[Ķ?[9-jeJʹ/!yc&>hq,Bֱ!FHc0O\\ᖶ̱(=z߇W2 gyjuRgtjY\\X^9\\|X\Z^o/3;\"ah\0cs/I%d29R鎔ବ4]Nj*A\0zy;KPHB,9^j7׍xdO#oЌ\02i9\\\\Bʶ0ҭd-dP\\SkAVY瓏.\'t֐dxZԀ\0;n9fK}F)IU<⚘uoo\'-IKC1䏻Mm@\nUƶ<2`5\rKȷm`D#чPGKy\n<onRO?<d_WdcI!\"\'8>}g4hS*$\rX\"ct6Q탟3X\0kGTmg9U VP:բY۫곕`d 0y3MWӓDo\03D7J})0E2L9<qSQ$\\&Qu;Z_F$1E\0^9Yq,|㞿hj.vh԰xIXp}ƽ^]m.~\'᷌t[p\rH0\0`~#kW\0Ν8$Ar<Q|4UP..fasu!i:QNx!2d(3BYթV]XՇ\\w4/c Db_-۞N:{&<ոH{K{-ļު@#UtZ+ǻ㞣qZ&׶Cs2Fߔ\0SYj6I\n688FUg:\\xwQYzQ<9\\zg{U-oXY!I,=~+sIjNЃyOE#Oһ}99i&|	ɯ;m^\"1niɗT9F\"y\r,nʶĹUQ2}H@?ޭ=YuEenE=U\rUW66UbH\'u}*Vӟ^0GNEЃ\\S1N6bwGIjA|\ngc?>L[F\\\0,Ak:qPՊN􏈰r#Mx݋D#knieo-wcoJ㎝G^o`@x9?JisiM^[YmK\n#kMӮ䷼\Z7]~m58<u#<W\na{\Z>WZ5Up]\'pSZkQPw\0O.pks~͒[JH3:2YZG^2p<}E[iIsJ}+_<%_=vʹ p9\\]$H>bp2p?>º\0:B[,\Zm<w1ʁ\'pYOa\\ĭdvI2Y2	ϧO[m.hiW\'N\r1zU[˙-iCg@?񩬮o4YmnW[ZjT6åTې8+\'\0jQK2 $Q-ѕrF	\0E$&l6]hՆŐ\'kbqWxE55vב\0e6cha+rqy-Q~q\Zll|	?ʦI)4Se\rZkQC}p:?D#P+\n1H8^s9P:<gwpr) @#K4uv& T9$YFgE0U^FXbie;I<qIhSw.K}XE+<\0*/34IO\nrUI6{9ӦGƪN;7R+\'Z2V\rg)̏\\8QoY$O2\ZrѶ`ҺO1Ȏ][Hb-n&0N7r8<Z=~ŦlT	px Ei̤3t\rZ\\[أ??|ӝ@rxy.ub9QdvyqqnO+ȼYKvmi!#r~zsZII5c[clsm8qԞT}s$RmmYr[<c׵Ocl1^z?{..Q#PE\\e튷;s%NrA7ŴQ`(aצO5~/eiyKtoμiz˒6U<tR؞Gή+F	+ʖGNʽwމ]^ٽ/gz9 g8Z򅕿~nٟLWce8VSwU|,ިڝ\r\0Up3BLn5峚P|#	_zH$!~q\n˻{np7Pڲ[=O\r\\Xhn\"8;+\nH7$?+xnz4(LZ+c~{|iw65ݻGqCⵌlz-t={^F/( I>e>skKGz%OlG^ڝ\rsF5Ŭn-Rπr \']A^IB:<`Gs/:|Cs8-;:j+b+hSlHBO\\IM$xjxS2pDPwRƶm<e<q\0>e=\n(ɖþVÖ-ڠ+\r>oco\n#C3E-Z4\rcWԍ/_˚P{\0~L_Rprz([k~xA-K-ī%S\'r\0=\'\'~<\n cMR/汹U	\n57R3ChM]FsqEQml&zzyqD`mUjuiڃyvvH	~|{h\"h,,VТFF>AXP\0Vژ9\0EGqV	x<(7ʗ:+(щchuơd4Ѭ,\r܁ӭ{CJdNQ! e@-\nX͒x?j(b.i\rXz\0ȍBXXێEI\"orM\'ft袊Ww/a=hKT.!wQE\0rV3)w%h-gzW=}d4','img_3201607300013492.jpg','Вова и ночные волки'),(7,'2016-07-29 21:15:29','image/jpeg',12002,'\0JFIF\0\0\0\0\0\0\0>CREATOR: gd-jpeg v1.0 (using IJG JPEG v62), default quality\n\0C\0		\n\r\Z\Z $.\' \",#(7),01444\'9=82<.342\0C			\r\r2!!22222222222222222222222222222222222222222222222222\0\0\0\"\0\0\0\0\0\0\0\0\0\0\0\0	\n\0\0\0\0}\0!1AQa\"q2#BR$3br	\n\Z%&\'()*456789:CDEFGHIJSTUVWXYZcdefghijstuvwxyz\0\0\0\0\0\0\0\0	\n\0\0\0w\0!1AQaq\"2B	#3Rbr\n$4%\Z&\'()*56789:CDEFGHIJSTUVWXYZcdefghijstuvwxyz\0\0\0?\0ɐFV$\'QbIU;ӹU^VeTOl\\M\n ճ5澗m*Q\n߲[r#T0DGI$rde㇅iWKoANn899ՃaVo6\\|\\[eF}DYsf$k5r댭g\\z-Ji\r1OM[WW}	8U0UP3ޘ=vqͱ޶OE!V?ȱL/{~Px\0\Zٷ\Z7o1,a7}šrxE8>-r]Jٕ~A\Z901QϵS.o$BD@}iЕ}Yr9\"uP\"L\n{xY9#55)12p:xP_z\"oqsuF!z\Zn1TzlPh@Z?k\nLf~y%!~-{y&gڱĹvvO\0[]J遜VƎz$0m؎ǒ>}S=@n\ZBbS6k]֙]VdF\0#Ut{QI\'|Y\'\"`|;Z=%loJm)SYؼJO\r^ʹb(c9?U{\n@3A>(\ZE<sҳi^㎈ڼ(i[Iq,Ey7rCҠyg)S})3Gj񫴊Â[&f]H,\\Ӟ<qm\0($eޡ}6yfXZ&HBpgu>&c$#\0{~MqYM4Y¾c@jPl#+o#w{+Efv\0(o)J(ң,ʯP~QhWYIJ>f\Zii%$g,{x\'֭oD,PWHch-G<RIhTYO``q#̑P6֭]o$qjU}Ns8SM\"ΣΕ#;ƗP1K69q\ZYb+Q忑l``7qOjr\'x\0=Zrkk`MeDYUmҭE\n#2YG(hD;؅|dtsHIƬrIK8裭bi=͜qŽ#lo\\5oUlQ.d;;v)cO`MjO3LeaT8&yJ:ȕ{x)	00\0ʰ݁#6u\Z/s+FNI\'<~Uvh#vg$>/յ+)Rn!Wt*YLvX˷Ca;FGI_W(\"$ac.<\nF\0jWOD\"w!TcFgu-*1U>!5DyF3	D+gn<Bp0gg9IbA++m$9ʛf	vOgqƱ;lBHy?jH<N\0l(_4SJc^+Y\'&xʸ䗔cj\0}(.nh\rʘ|îONis<M	\0sC\Z}]Qa\0v[=ʲX˜u\\tb2u&e+GE$&-TӧJ&SB\0#\r\ZHtF$͌$7ːgT4b/$YZ.YL\r2*d?Ҵct:\\4Knqˍ9R%˲%\0 >\rio]d`Qq}\rpCJ<NǥiA,G+/XgҘ2P\"fl6铞շdNE][Ymbˏ:>$2 MI9wܲ$Ԋ;Q|ZFo5IܓxZ%hfP5rkz$%|AJa7!=\'ީj41^@B3\0=Eo5n#c_Ƭ6jzS-0	YTFwOz$xvS7yʽ\0N(k]\03GռSvOcg^śk4\r#zzM&cayp\0O\\|Aa|uGgizvSZfKJ抖k-R+XȒ;T.O_R@xݶ$RWQzK;p*\"zc4I%ܭ,*v\0Lr+;Ƶ;c-ˑVD͢?evsXRFd!\nx%b\'\'vU62XR>ns4ź]R4٪؜~1{_\Z:[^1οC*^CR=\n9/(8Ԗ ;\\TasMfW葵BLr\07P$ryBZԻM~Xx#p@\n4ĮgǺUe cRYGwuDCN\ri\'5F;RiVRY0Fs\\Qyu#ۑ-X~$#qְj3٬\\E@0и޿0:CgI1b8S%%\"}ȧ``JĞ}.OPeu(K=?\n̵,.5N${8䑐M)YZ\\ڗGԦ$,g8?jΣao>K!Ns޹?4x##Rߩ޳}D,w\\AC\"%@c4.V^hqK>Չ{N}==<+u-քLor;\nеK;I\0{s\"	n4qynќVkq&BO=*аǁ\0d:Yq	ʍܟWSy-I[Lϥ>6Si1qNR$qC\06>NB]4B 7̫f(iO)٘#[\\}EfS\'Iq\rNty>dO^HAjѻ,VأAFŔw	&E[ۜR{WAdmt~-徔Ƨ8j-G/{*	=?CS25\\1De\'e\'0?<47G%#grW4QǘI8?jm\'~pk\"+b|qMiJ;!(2|@pqW?&;=DQLLt2\0䵱SSR~:\'lNBk:@4Tv<`X,\0\'(*<1bU]+\\nYF<6V?i\\F6>^\\t<|3d \n]CR^³CAwq2޾rg{&KB9WDب:.x&ĸkkQ<[/?J)ؓ/.8O=zsyɛ|ےώlWW}jMpAK[&)*_A$ћmńI ʮ?Ihz3+m\\#3ߚ[W-DE!H88@0:;jבѕ%x𬞌uge`fS#Ժ_q#VBQNCs׎Zs4hy\ZخMψK[1{7avCm%K_(+[k{m*3g#2	ߧz\"V9?&\\MelZ<B@Nh)M4kb&*E#2}y#KnحI5?hG\rI#p	\0jㆃK$PH bKZg}h!\0$G42c|?f`c$D̹^:85OZ,w;[?<(cOUìp,tzϭaj52\\\0U~KX.,eITUR>/h7lYms^aɨVP[\0|Z[	Gpd=5*Z#Jnҹ6gI*rO_fY#{x¼[eGU}Ywv8YIS#5.< \n1PO6s*RjM%Ή\"\0u7vG7|1-3p\rt[*	✱~\\K{PK<)3KFxq{poLȟ¦Q$+v2@\0>=Ue	<+[$pJWm@9/-bdFӾ=l0\rT+戰N	\0֭Lay\\n\rw\0{hO^cS.\n9\0 xշm@mF-|0UHr_W2K3HJ>Wz虤FHq\rM\'b 8QS,46s?lVQe	Uz~\\Zu̿g$uX*Z-CzmƝ0y\nT@`IWsg1oRvzIK}niS|+9V[NWyW?p&{1[|e:\\R*zW2@-ď\01ݹXivL1F189yis۾ę#L#yhzZ=M\rs5ē\r{l61@=C\\|zuo:pa݌}y:Ǉ-fXǡ\0JjVcj[G7-$c\'\0grsICmhnPpy\rZs]LxDC+_.>l-2lNsJi۷ѠA8!u<~UsJ*v&Y,X4%VݻiO|ψlmwz/W9r䉇Ny޴jQiz̷F,TsہYR|Fei!h۹#8x=ڝ5ΙxKy4z _0[[2A\'޹!YaT}r?:mH$NT#\0dB\\zcڥ}kJ^nei_u\0r\Z%wbWza	-VrI\\C:Q?1^(oRz|PΎ=o4[:\\4lp\0^vNXO%I5d{y\0\0PJ[ڣa <LHyaVWfi\'cj\ZWu0+(c^I\rP%i\0׿&SY%2#ݝ#ilo	;G*}U\rzД$Ddg?Mt\r\"b}q#MV+;YZ6BUr=x=IQBض2[Pʈ5m7А3~z~MZ}C0Km\0TBrF~6_z\Z0$/.px \0=Ȇ?ط#2;åI21kIwkv/\n.&NdF8=>q+8ÞGkHӸ7WhL1	?Cs[n޻ZCPPL=맻Ba$xoPL,ɺ7c3:_8-)9JwH1Ǧ*IcɤXyHU0@VDߥqX>=jڍ/-Jd\Z͢vW?5.;+HɒR7U}8ZXYkZ{̱r]υm?-ztI^޲QGQ\rz3MvFRy8Ql@ɛK8W1Ķw\ZLj\rZ_$hU[O4\'HV\rA0\'W6u6M{FzϨ#@_0]Λi^Qŀ bu>\Z\"mO۷ \r\0p~QڼmAt-S$k!Hܑg5xvKH5Kٞ[Q*L{y;MK!# \'gMs50\0VyVzd))qҮ]Gu5SYկ$b<.	Ƿ@A[|\0hGlƫ#.bX.E17j#NetR\'98]:i^(Y,(nq*N\ZwÝ|in432e	_X!JgF?1XZ\Z0kWp^{b?)`zVPm:,g\0.zk\\ms9F֨\Z.gq=r&ֆHx\\R[5Ի%)!]ς@Nފ[kmOE91fZmQ#f^Iep`xs~Un		Ǩq\rg$<\'#vnH\rĒ1Fc&u:oEJh$G\0WŸo1q_*U,Vr4wI-m=MW՘O8)9V]Zu2Dr*71|݇jΰ)\Z Zklʖn񫟔`zO«ڭԇj:$jAۂGc\ZbŦ8w\"3YMQ{H|vOq؟Ʈ4m^OD\\3Hg-=r+?H3uoc^yz7[[52GV]5&њڨb+nW<\'x\\@-L}gQ:f\"\0kR͐[گ^Z{(V~QߓZ0iسo29b	1(,G^崺I[X#!FA<Ts{*)kGs֬irȷ.I[{EO{\0k;M{=]b~&8hS7].T(((}Os5孾n`e$+cWo\'񭴵(CQZKS&ӑ\nzC!-&XCY _S^Œs\0ZLw\"M:R&Cڑڅc	r:W f\Z1ùu<*G\0H5c.Fp\0*zfEM\reF;/9{r=\0}PlT)咤3؎[,ah2@COҝ\ZgO\rH7=ݣ*lzTR$GY\\\'uc&1U\0gErZF$39\"Pw;ym;#Izl>ߦjud61 N{\Z.\ZdKyY:w?_,ke)`v]j34@ַG2Hk6%7p\rOSLQ۸O0ɌduwFxb9݅Jˑ\'\rt=Ěe*߻DP$I϶Hkk١kGicb_$`lr+r	R(-|i#b޽Trk&*\r~Ry$5^(.&vG=0Njp	$}lSM>\0mP_K,\'<p\0;vg?JˆOi\r2ZwoYkV6Z\\^]$h]m:U4֬m_˧鶞ޟD3td\\Yf@26֝k=ln=8GX٣Ǹedt9MZ=3KǽZv|6͍Saw;\ZѶoނI>mBi7m<pFrO֓S<73\0uSO=;ֆV<J	8{U^:կ)L9v] Do.G~+W\')@}ґo|ɑ ^z59R+H)-7HkjR5#mLuB@x&23ւj	\ZErjmn$\0ά:G[U##o%h	PGO\n#\rG19\0L.\nsUYj%wh\r!\0ձmFA&pC86F\'?aVNg]Eg+w6HؾXad[8\'+JbvW\"*p}w>+KvF	ug`:Z|?l*t*U\0P\0g9Q5ek}>LN!xq`T2H$+By}y[&?\"Pa\\H1\0Q\\\'BuNn0uY.`Sەhb6H8JB$d{\njnʉ9sӜJlqDfiZ r3~)a#\rn,%2Ԟ\"[n	 P~Ձڵ)I6Hʮ\' =ajS]j\'ѱ8SتS֚zaHZ8XcmڑC@e_tM<kR*zr=<Zi\reJT-~07=GtxVCnX61H縧xEF\ZdqcIUԒ!JV%=b\0\'ډ(\05h9#1{vhfe0 GM\"W:jQjVϖ2z\ZH\0QpprabI\\aBi9#ֺx:-JӸURY3̝VLm\Z<d7UQV.\"EI6i<}Avt):\0/\\lnHnP~j͌Q*ꮓ[̲Mo4HG|ս>XSs<`=obe,\\.`\'jw6[pI6jͺX,{=st:zǑpSL?r6lh\\Oj]=fu1֞ua+m)΅HaqN%hךěn\r$pG8=3$L\0n5h\'U\0h]&2i9\\VE[ѡxfLx31e,P4|pkϷt5O\r\nN3skFұ~Kx	* ӏ3n6ʤPgAefmV TS@w$ƹ?ZIٟqaYJpI>}=]\0yd݌{?id|B357cFqDYgٌ`=\0ocyb0z8+l聚6nJvn=rF=_sMk3j?pruW~ZZlڄ\Zt,ʹ@OejeLDvq\r V3a<։ͩ4\'xked6Mq[. ؑC2(!IX`2m+WrO08`|D8<Rݏb8lXrI{Z:8ɬy\\\0Aڭ\"YBGIdqe<VD\r2㔶ܟJPEþYw.3ۃ\"6֊m^mʲqZ=K,ŋ9]m,J\0_?ei]x+\0G^5^xϔ`}\\؄d/\'\"hmX؎BOLfݷgDm	=Zxfe3*OE η\\%[xoť^qyL˼2.Aխ?P^sK;D8UT;<\0u\\M,pH=j~cKL2LO:h\\/7.8u=\'K8hQ{`uZ}c;v;ld==M	^RQn`J`*Rs\0*Dʲ?;#8둚[[{a#̹UebN{mEi2IQeRUqORF,V3>nMfNW-pv<g>xO,@Xp}ǯn`_dg˚BaR:TL(ٷ;sUo6IadZIئn>^1:R$snݳ Xzg\"ԊILWIHAv.TN\n̀T۸wG[X$r3nV\0=jOyS}NtF! (q~׬%2@a֢pU#6g^CJ-MOQ]F}*6lḺk< AɮΤ\0h#wl?+ZQBɲwvϿZENm<Q,)嫄!{Vǈ08bm=Iǀ+;_|Ьz1m\\J/@n\ZWdh*Tq/-v۫VUlW_NFsV\Z{>v߂k[/Ỷ*xrNV\\N,An#ps\0ʹly\'u8cD]AdJi%گ\n3cS[X<=w*xŕ-HEQ4boEkEZU]{&g#1B:\nYR)$-،E)+@A1O_Z<mk002,m}yM>&XҰaQLC(\0\"f.pr0\nz(۸:ĥs(	9\0^k{xD(\r;\0EB4aFVF<z:[VIU\nN\0ǯP\Z+Mx\\d98>Kb`C{}sE`Gk{#HGS9U3yݕ%2@\rϦ	ŽZ[RkSZ/)j4cǕ$FNsR\"7PH;͜~mn,c8\'$ӿ	8L\"9tU\"NCaVi֊(Z8/xen,edy?7cxr	f8P=hz3Xͷ4-+4?\nMrF%e+\0\'?QUliICV(Q+hn','img_3201607300013503.jpg','Вова на коне'),(8,'2016-07-29 21:21:19','image/jpeg',10509,'\0JFIF\0\0\0\0\0\0\0>CREATOR: gd-jpeg v1.0 (using IJG JPEG v62), default quality\n\0C\0		\n\r\Z\Z $.\' \",#(7),01444\'9=82<.342\0C			\r\r2!!22222222222222222222222222222222222222222222222222\0\0\0\"\0\0\0\0\0\0\0\0\0\0\0\0	\n\0\0\0\0}\0!1AQa\"q2#BR$3br	\n\Z%&\'()*456789:CDEFGHIJSTUVWXYZcdefghijstuvwxyz\0\0\0\0\0\0\0\0	\n\0\0\0w\0!1AQaq\"2B	#3Rbr\n$4%\Z&\'()*56789:CDEFGHIJSTUVWXYZcdefghijstuvwxyz\0\0\0?\0^;QQ\Z+\"s=Ni}fpaQMS5k-Xa^>w4^vL9\"]⡞wO<q/Qׅx6ɧO&bB,G0aֹhs2Hry>穯ByHɸGA*E*:B5&E|ҮxsX>BanmB1+~Gn\0CR*{ӏT{7k:H_bЎƯ^vlӒ\"f֚zzڒ/R;8\nZ_X\\G-.)	*w$C0=i\'&pqA\"qMah^{MܠxTV3\\}\r_^-\\;mV2O׷W5Z\'\nӐ+Iv:=[)oMw\rޙVGa 0ڸ\0 \\7BTܸaR$I5$P[ȩJݿ*^a;$H\"R;o!sMqZJG1+|2ksh̋_@:ҬR]bL_w.${[t8ۭs׶7@<ֻ;p@ՕŽF 1jɑ4	\ZrD̰>Y]A>g}:SFF+{P\\6V#Ki92O^vEi$M7\"pHRjVVww28u=\rQw~ڶw\\WB4K}PJ!,V|rHLo\rLn$WR9\n>U\0PN7:C=DZ5g-#<C3K{nϷ_[ye{gp8iby%sV\'=Pxnk|vgm,@>gv=^o,+[H\'dR>$Gn=sLgq~,	ki7{@aÓäF-#huFԐ\rO\0\0U?gi,e&9<SG$S\\$Xci$`$(+[h֭!a\n<]⤳ 1!2÷`Gd˩Ǯ^̰yd-wҢijēCIOgx^m.w^3ӭЧ2_Z࿱yrD1tWOwEHX\0>\\pxG>J\rRcZA:97\"d\nZ󮔢VO6au׼K^0YpKI.&-^f]ïZO%	;4M1ҳ=\Z\'-c1.~SZrRڼ+vdew(:yhxcUHKAq_7I@809$y=ɭb:)n\0nMe0Io!_psYZwokNW-Ks-ݜ\\WDct&,o$\nyWp6pGZm/.S[2?(Zm~~|sCJ/A&%G=A{n,FPKlwGzAsٞE{o]&gy%g޾8Ban{r杞1Mx^WIhrZ)[3s)Bq}?\nqn֔H<1ov\Zĭ=oʙo;KO^\"l ^.uE_bVwPmPx\0SJ[iQbHf{BSt7%д\0G[i/g!o]BhhZOל)x^5Fnl-O=A?x[ږpդLuQ=)\Z*Re\nmo&H2ē܊w4NnYbn7J\'=sxRiCP^Bm\\ʭ_ExV5dtF9VF%SG8Ռo좒)1H%NpGQD-\"?yςQ-$ҭ-\"іBcq$95jŲ^xT)Y\nT3m;F9/fԌP淺j׳,1|}\0$՛/+pz+ġ\0pǓVcZv\rf^k֒ScĖdEI+>Lk$\\ml~tV)K왤.)1^K3q@MSהV娑	ֽoy[o,:Fxhhjɽ73\r{fM#޸I\rvh=X<{_*=Ƒ]۞}]YFH s])+΂u\\E\Z\\y%́yZWws=\rc{*sBZ&<[o\"ZR$h1<c|^ul+ }k(bF\n^BOAg[Z;V$g u דh$}gXץе[ڴcrҽnhR	 ;$B#[hd\Zua ry$\0ZϙE\Zѫ\'uv\'е{o:k^RD%-#\nQTEe7ᴆ[z\'(fd|ۭhN<]S5Htڎj7ئ19oRB+KwO]ރs^G&9KN[k~ѵ8tk,gt$hմWZ{O{BPcP>c\0^1K0ܷmIe1^DK#;L⹽_OS_[ĚHx_$F;d׮V/51<Rf*r+TRHL~x$[rBj][գiGYuۈ	?7?-L\\m\rj\\7$WMZ.(bqǗ cߞS]S}X%s/4gʋI&џ˵ҢI´1ͧQ]#78U/MC X`s)ōP 3鶒fO+bz\04iLjoTFe?t	SW?|M=	iO7,kFwLqS-ψV?l\'\0{s֖\r6㧈Ld榲m\"<y\\5<N{彖Lsx{4ieT:n<SZ3;/88<\0¨	<IDM#e{oEt\n8Ϋ\"YLNbbǒ.?\n.qLi))ԧДI(1Hx_[-|19?|Ş̿iqZԩPƣ[xY d*jh$(m2U7Sﺽ.<͉,$sJ	ѷ0ؽ_F%AIqVɮ<wM:I̍Iz;wwgIDv_I\'ݳܮџjj)%{HeuȎU*BXV?sK\Z\rU\Zu2)F.O\\\0cv_)d<_p}ktM$	it%qJETLi#ҊTϩy;<9,NI\'2\\65\0FtH|Yg5޴G5`&7Q#<*m\'\Z|;m:S/d*xCMٴ(NzC=_\rkl\ZG*ƍpe*um\ZX,Tb5\n@7En\Z+ednOsLXzqղ;m:t[\"\"3D\\d#\'V*H(S=+l.i\'ł;z֞XS*\"2d\'h\0N~qgQBFy_jAn\0>#MǄ!9:Y,ucqZZeJ;;Pu\'ܟg҂EUѵGwf2:⾛xV=Rz/ז%F<sT]цH\Zή\Z7!Mu=J!5W\\6B\05eF]c^t(VoqjrGSh;HEig˂6\0fϊ$V%7s:\'?\\}sD+A¬O#ڪD_ĒW^ܱ.\nxEd=J6jw=銄p,c1\n`;\r27@N(!zq֕3ʲl^6ELCny=Eԩ:aMMn%c¸Ka䁊<e}JH#8+2#8W\Z]\'WxJ:p&L=j:B+7uac},/vt+4GS}G5R/Xö@\0YGQcʷ֞g^߯Eg#YYynJZN.>η\"ie#%#>xKnzlz)|+mZXD\nRl\'\n?.}kU`KN2?r+O:\ZQW|YFJ\0\np}+VPi\ZYZ 	*Nx\"^j2_1ztZu\\$lZ8N*-T敺F}I|ؐ.SW}@gDgl~\'\'Qv\rfFh$϶?ɮ;H#)l\0zyժ;9tW<ɈA+<c)5ŕi82zoA\'<WuNm mvPA=Z|$kWni-̡K0W:I!z֜oy3H6(qYr҅^`HleWdgC!\n;zl)g{jL6%j3|eA\Z}ʜ\n5NVvw<zA[v\0R\\y?Z\\]Fޖx#>DX^>nCI\05 -«	׫hB/~n\\ADP@~3)Oפ!\nN+Vm#=.Nѡeǁ˩j\0.{ܳks?0f	c7.ָ,u#\nMS0#e \0לOXث.{7oPҁ&\'?9K>I9C^\r={؛hI].*gL#0=W}yg9rukSI&6aۓ94Q0j3;Vº\".H[r7LU_KG[K=H]|rO1r1MF$]G?7$5\Zܶ=\'HbH\'\0TcqjSD*`(Asۿm3Ŗ6\r=,*>|,w|:nnbuiY0H^qѐ9ǿjOX9Hwg0\0+׌b:5e`4}{/_c~hy	4-3n˅[2\0o5=RPeĭ!=?ZdrNn.y}51#\rך$OqKtHC^\"Q1qRlF#Pzje4ֈ;ep)Jq4_^M@}֒$|8\r?W.ڽºl\Z{)0O85sRXثB)Fkn:\\i0?N_:`6HjЊ-9PħxlSz	ntZN-je˒GWA]` g3^{wy\\c\"?qj(RGԷQ~uZΊuZVOxmSYR\\+}gvڳn`WJQuE a$2dϷq8=nuFNOc𮎋w6IG<R1y8}k3f<X1d_Wh:BInb\"ԴlᑂT\0x#Jʞ!ө~=X6Ϟn0HqGO]x~#YJL;Gc`ȹNA¤jFڦ1$zQDgn⬇99J|@jP0AnO\0UwWѽەoI28?3CdU\\{P7W^JPԼCj˧dĀdkEvF>kWq/2U?¸uNWKUU;\0{/$ҲKQ ƟAmF 8\0A\0טG^~/.1>ޙڹӞx^`PڽL\'+q8*zsR\n隊\"\nV$.A]WH$&N99QYr\n8 O<߰qXtO,r\0\'9ϱR[{uA:Rq\"\0/\0dӵie\';^9Σ\0_Q\0&*Uպ7|=d-o}	b\\xw\\}>K{1nam(ĐghV[Ý!?6=0:g^,t+U+#\\btie_Fݟn\0\ZnprJny~mF\0ND_!oS^E&,\0HqzMB  DUzmf	G\0\'*	{͚E~`\'ȏ2=\r3ڣ]pp	&Td\rq30*.+`TsOw;OUė,t\0Lct+u[̎2G!c\0sY6S*y*ykxah$Ou%\\1pQVfMFpElIϡ-`sMiSp/s\\xil¤(Tmpp\\\\ř^(9JT5ˋfBX+Cƅ6bHqUKV2噏&{W4>F	U/ҮIȲqq+eH.^Pvޢ_!BJ{jM ;cp>g$q\\qJ/-ȶiZH$+O*HH\'QRM\'gsKD\r{Qʙ-$\"Sv鞇\ZVDMƷPǀXycq\\Iu(w$F Vpk9ey;	;vI>#VU˴!qS\Z&ik+\\gĞy>5:0PbZihiJZ7Hnv0JvV}|1ỹd&xs~2e\"OFS\n紥讎w\\Α矚Ʊk?&\\A\\$+YǙspn?t1{IJ6ۜΫi]X`:U٦M\"xYLjWw\nn&8U\nAAGTc#vIDey鷳s$Z׷S^Pt3`*q8*sd&P@h\'5d$f*bdWz;Qom=ʹ,#`(`W;H\n+{Iؽ(aOXSg};ȑIy<p3棹wQ$ҳ$zV]}tu%IUG])\\o_l4KE8(DS呏{\ZOouY<+gn\'WIZY(T*nD!YFxOnrd	\rgE5;yb\\c?+fK$f`8<QxKIys\0F~zzE;X}ELB\06?\\%;]j\\[Cſ@8%gGVఉl\\v~7iO})F.\n_%e^kB/?x1VQM%S9/K܅&xanvmc\'67A =F;`.*|84Z\'ºHsTW[Cimx`w\'?^kҬ5[8\0\Zt[6+My`:=OeRi	%6o\"@\0y1!,ϖĞwZ?nwː1j?i3pl[ҋI]$`5X`<ԞOӧWG i!TM4Ur~R8.95){\r>Yv.ŰR}O⇹\rLY{(S|/Vw\0呗=C9&rO˝zl27Hdo-baJM\\LTv]L\"敾潼*LXcoX_&YFZ%T5n)}N[VT>?,ݗ?4ۤ?,UMZj\"5$Sy9\0bH#ag8XNsѤR\nj6g䖥]n;~\\jZ#V$lUT\"WqOҳf|L3dq8Bp*qYĖ]ޣ\05|<j]Fh{ұt*Bk\\(\\7j=t3sJ g=YMdN{<;oG>KJͅ}\r\\²ǉD-NcS/@PdO$pPA\0ǍdEiO<CG.ah0Nú]PI\ru{Xvx)gM;nJFȘG=\0j%FKuۆ?w&v`ԙV{)Rv][9(KcoB;\">{^Q/-ș\\\0:a~%OJנImSI$q$9Ӵ(خ.\"f\0`e$~u{uɿ\rx\\kEM~ޤ$xkZ\ZM,7O,\"Wc\0Lxםى<fD\rLVp	:{\nϥ\0g+XK\\[h4;\rB tXor~<\0\ZWUM<OgN[YR?2*bo	Bf-P!̜Ǽp8Zu}D:\ZxwÇK2?,NZtEA vk.ky̧~q\rͻylqOc؎@JN66ON\rYB*#SјTcYM5&2[~rVl4Yg\ZY}Yvg]M?ºm3zC^x;DbdT\'W<vYF[?5]\"tL}*\'RyT\0»ۿLIo̗EoA ]?g*||f>1U_~-OJ(]cֱF(B((((((((((((','img_2201607300021190.jpg','Obama - joke picture'),(9,'2016-07-29 21:21:19','image/jpeg',9228,'\0JFIF\0\0\0\0\0\0\0>CREATOR: gd-jpeg v1.0 (using IJG JPEG v62), default quality\n\0C\0		\n\r\Z\Z $.\' \",#(7),01444\'9=82<.342\0C			\r\r2!!22222222222222222222222222222222222222222222222222\0\0\0\"\0\0\0\0\0\0\0\0\0\0\0\0	\n\0\0\0\0}\0!1AQa\"q2#BR$3br	\n\Z%&\'()*456789:CDEFGHIJSTUVWXYZcdefghijstuvwxyz\0\0\0\0\0\0\0\0	\n\0\0\0w\0!1AQaq\"2B	#3Rbr\n$4%\Z&\'()*56789:CDEFGHIJSTUVWXYZcdefghijstuvwxyz\0\0\0?\0;NqO[U37\ZՅ\\}ɠiPXm;	]g}}~c@ł ~5F[müg3ֵu)to#y}\0\Z<.]Q*\'5tz*;i[8#y+ OJ?\njH,$CZNY=]TZ\"ppvg3\0w 6tibiV-zx,mm`\0\\U\0E\0Q@IE\0QE\0QE\0QEG,I+\"c(J+fW-a-t\0xgRErp@SwА3L̽-lf$~Q)يC!Bi66ꭣ*F U^\nZ*[o)FW#SDm$\rϹ}v}E-a8rq=Ηys\r$;s<T\0A$g,8ӽyҗ4GN\\/u<@[ <潺;8nbϗ2\\pFyG(%^i`{mӭXT?toTrbі(8(	Z|U*\'ߔҹ٢~?tkJ#ʴno=B+O$2\0#M%$݊t^麕cݣG#*2`-x4-9l4 NHFIc^_?]^\"SM!,9e8)mU)CV<ZFb	Rqx#Њ%oS  nz2UzWOj\0dE*Kpꌇ\0Ey.u&=EF|>-|e^䴸R3;3NkּkEa\ZvH	qR;&גݤ77p`O7Aיke{2銥ɹ=KJw(\'Y#	oʼg<H/M8U\0k^6[FgiXue}V|#ZGm5Gpw}<ГjQ;0ՔS|.X,]J:\"ӧzK\rVTYn6?+C߁TOI-d#O׊e/-`:bG:cZ<>j\'K\nZO|X[,߻c{~?W)AFA=!?/`&5 1C^3hA};͝1@UgψƿIM`\0S|7|uE\0a\\E9ju\ZçJ\\/!:uk+EU~uҼ:<JQ灻YWf(ϧG8*p	]bx:8Va [uyE^-agnH\0%V3pוۻ4wE  +2.%nS4{XK{*R\0)eR#<EqE	^zfe5LkAqĮoylI!.7w5\ra{#^h9gm`(n<)\"};Z7\n[8j#Lq],A%DI5+%d>VQYI4IɩrkX	N	 \rh:^g{I{\0(+08?hqHH\r۞qf9<)cLmQzWjJI!&lgGZD {/\0j63Hj꒱\0O^elڂ@g\\)8d	yix{85<i|.sQG;	Sea*Mޠ3Nz]/-\'\0qY^0y%O%}zd<MhSyFdONqCT:Ή3\'Sw~;zr^P	MN|ѐĒHk7sVl *gdqkXq:́hH9Z\rψ}:(gV@dԒiu`idׯz\0H\"$m+v\0J;a;3lm\" \0\0XIajsR6`2@:MbIɝҧ<N:Dߍyv(/+6	Hﱱ)!\"6;NќsStdgIW:9C5Mso#&Yd`Xdu\rݝ0cS4	v;PqĒI?G\0y\rv뗲`\0~QH0yb@ԚvFMkUed\0G>+f;KHRZ%c#VFP^()Gq֪\\~Qo,Jv#$\'\\U\"[;(6а?Þ^lFz/z.h]yZM8ܘ>WSTW\rZM %Ss\'¼NTWl[yrIl{G=e$/l%?̈?+Y`y5B\rd<20\0½^-89sZ9]$$e|Ki\0eo`+y_rjf?Ac`!&JCf#S֛t،ޝo֤\rnR<lU^O\Z\\Ij-8+L\0,9כ,/u N\\*s]Lш\'tXڧ${\n¬]κUgi9W))=\\׉g`t1Iw0I㹭kY3(fHfi_P\r7$1tYR;ip9$2npIu<KRoSԊ\n}@$%$*w67d_5GC֬nmhL\\,Ȧh}E3\"!w8\0W\rFfXmrrkඳ۞ZSՔLcݳ]+MO6oC\\]1\\nc6r+zd3ch-?\\U_AlH|0I G<~_GB6\0gY*ѮIR	tj{ҭ\0.08Hx[z\\d29Y\'kSÐ-ψ,e߻鷟XA\ruB쒕lCn1Ϊ:Z$Q<X*WwS߯4U6f$Rg\0>h^oah%ky8drFAVFFۀh=qs;)H	@*c#\0C⺻xM[\"62Hy$tnt2mn/j~uU֬Λ\\:nܬ:yURpK^	㹯\r\0H3[N\ZKp#9;ycAdr؞!?\\x5\nƠۉ>ԋSH;I*̥,@4+Fx&v3B{x]!ni\n|tvRw:,PdUpz;8a1G[xs	*>~ipM.mWD[=?DP۞fyd<;rr=±7aOD:G\08bxv^/EO0lEM\0y\\bVAanB/kTd}~pZIXc3<wg2buskk9t1]YUI<Ny\0I ,p2Y{f{\\K+Oy&KX$,כj7^l,vzHGث\rq^swG+AC[I:	i45yBĮq^?*HGز[䎞Jbj=f(]7xkQ%~\'\Zv>ө[B+n;\'T*-4H1ۂO}M͜v<63cjgkɖ-\0m}p#]?-{whi ޅXBi(WswQq}\00UȠ+#ms#ECW:\Z2\0d[ڴbr\\q~Ïjjv[#%Ԟ@uEPrI<\r\"Os$6Ψ#\03nXUa[վaeʂ f854bFUs8znEC,xaVԥ5{\nDW;B<\Zy֝{8E+2 Ӏ?C1Sȧl9\nAyg@$d֫D[(v?M9q@\Zw:WnieVu*Ey-aE~q^B9pWp2UGIax8lgZdԾW1BH+\0PWv	|hW1B$\'<u>lum4XF>G`:5􋘥>U#`2*@$`dD-\\A zu2ʆ<2b-<1?|;=yάcz2qq\0+-QӇz4zOmO\r^Z<ۑ$(Gqfs5OΓ~[ys]/tq<zx9W{(tY_M`mՖu	On#񮗍TeIq\\rPSJ9T7NFU-Gu\'^?Z`+{xLhboN]bfF[\'ӎ?ϭ$m/GJyoI`D8gGPrG;Is=TdTcı<\"XgF\0gv(:g`K;Ϡz5,jǢ\0Y[B\0\0zЎ2#*m\\Q\Z	YXS+\'\0:y}|A澂+|d#/\09猟JFdS.(˞p3QMI\nLa6E4ɡhRs`{E@>YZf#Bր\"xB&XBIuu	>Wi~SMc*C1zY΢Ԩʥs&#!sҽ#66}1^AGě[Ds鵸?z0_-+U4єӳ2<Wj\Za03M0V2-sS*	\0ߙW6i\"ϑPBg,~^<Oji\\;5Nb^75\"~kG>[\"cW{׶y7,ÂH?:Nwu΋s-O3N~GdlW7޽F^_Ƹ[q?Pxny@ǣW6grq=Ǿ|?{ŹF,p?S^?Bn5T*HSåzisx*IV鮕#g|j\\\Zt^]nkhxD1@c[V\rJ̡	|W	3\0)\0֯Qm\nw{^??oN.<Asc>X#Ho1p)yQL:iM\\fGhT[=g*z9PA5̺i̒@i(<|^BAskPw,1KgωxBFH?s;Q}\05q\"4Tߌ>\"521fpkϼōrO\0z^AaTy%|os:䕉d9OPG*l;zVǏ5/A6PgO=j$mCtO83kAJO*{O`:ڻyRm#1 ߿\"BVDP:J+}ݶKX%b瑚	NZ*Ɯ59{S@`ЕP%z/\"λ,VFwZ?xacd|PkWdiTyҪܛdwty\ZIK|$#<\nbz2V\ZE^-\".556eQ,\0ndt}Of,\'M_R\0gcqׁ5KO>	;Ozg޴ֹN+$³Wmz~GyH#gpݫ.7?Jh%Fcl\0?ҽs~Ӽ%奻}pJ@mV}F\0}B%wy=}UGibXMw.,t\0d#z؅ޞѼtf.l]F2pW~V?\run\"*8ÑnCx8w]]\0Q0E!=\\]{Pd廓YO<zSId.ԓkz>G?Z:lx5m;>ZR\'$Ur~B+45+O)# ӱyTn\nM6霅ϵ=G\0Ԋ0աeKpɎ4v5˨EFÜR4 OJ2YxJ`c>m23^X^/w;btp5%&>2?_GxGօ_c;¢<K+TOYQq[f3X mr*h<d5鐲Q8_\0*_>l(y?fo/cWtmKf\\#֩sy3vjŅꏩnd;3Vde`r?M0Oגh++G׏@#޴68<O1\nJܿ/X84*d/Le=E\0\nhwO.Ǔ*gҊ(ɭ)_ľ\0ҺR4xߓ\'Zے0A{\Z>dVRjZ_.%Xؓ[Gec0a%îRرG\'qh9q|D<wF61ڭ.	jxn<oʊGdO50LFֵG!CTP/Qtf<>̑7}jde&78\'t<;~x U7Jxr=B\n}*dTPF9Wwqy7!ebFߞWճ27_(^IK&d;ض}yh2ъ<ZIl?\\%#޷;jWJұ#T?2bьtg$jeF\0Hճ\'Wז|SiZqZ9p?WW=O`Ҍ>m>>YD2J˸?Ҵ})d`ր>EEէwGPrxz\0:czG{Y!HĘFvP	\Z^؇/?tg#t\'W}VHec\rɭ>K\\kF*)QAj&Fdu/3CϴKz-J\0vNDPh2~B\\y W؊+<j8q{Zr9Q\0^M#żkXyQx*\\{ל|oܱ;@s(\0\Zm8jnʚu{?<[j1!\nOzxQ#Ylw9GTBUi#uGB=j@~E+@Z\0gif^og1{b2;;麽7֢Eb#EjRJߒ\Z^ƾb7\Z=\0duʑ_,JoCfa[Gu;pJT\0]~w$?07n;lͱo	G3Br!#{Cվ	OKQ6?jƼs5+}3$\0aW7i1IHI\ZLz\0\0~tEG?_A}⇷ld̃5v!{/;-_3=֐D\0\r+>Ak0.!+ʥoO\Z# T8(H:M1C\\JvMM4H0(b=Fn<}\0\0Eo!?upvrϏҊ+e25o%>\"T7oIn@{>B[-$\Zg_6:1J(u0>LZ9_=ԒH+fId`pZ(oޱ	{E\0~.G53J(,nO.yEO>oAYap)ƾdӮl6!q\rVdI\ZYǌ[3]FE<[~=?\Z|>k=Q\"(_\Z($','img_2201607300021191.jpg','Obama and family'),(10,'2016-07-29 21:21:19','image/jpeg',7763,'\0JFIF\0\0\0\0\0\0\0>CREATOR: gd-jpeg v1.0 (using IJG JPEG v62), default quality\n\0C\0		\n\r\Z\Z $.\' \",#(7),01444\'9=82<.342\0C			\r\r2!!22222222222222222222222222222222222222222222222222\0\0\0\"\0\0\0\0\0\0\0\0\0\0\0\0	\n\0\0\0\0}\0!1AQa\"q2#BR$3br	\n\Z%&\'()*456789:CDEFGHIJSTUVWXYZcdefghijstuvwxyz\0\0\0\0\0\0\0\0	\n\0\0\0w\0!1AQaq\"2B	#3Rbr\n$4%\Z&\'()*56789:CDEFGHIJSTUVWXYZcdefghijstuvwxyz\0\0\0?\0SqRbGֵdOCeRkgj-3>:\0+>z0q#wbD2ÅoR;\ZV^yj	+!\0ש\"nM޼}ftg5]-5-&<Lq5\'\\aAFKa:}䛵X/R2?ԍ-\'U֎\\r>9kѬ<bm]\0@(hşic²@bM1;{mnR+9F}.NN>_q;<]MLe*q}/҅/i+%.FQj(/K]ey\\ YY$k̍V:KcUUǿC\\޽lGH㨮QG!>Q\\֧	-ede\'{V湴0MsoZ?j\'\0Tڷ9Zd{Pk8\\gW8|˂Q^\n_Vv)}jRD=kgJ:3?!]D\n|ҒIcCapO[Ϥ8zzP%%sѩ96zM<B~S㱯0`u#\'<4]G2)dMW2plU☌%UeH#Jb\0V`T^TjھixRU\\(\'_	3_47JjRr}=@1}-iC{tZ CA`7\Zc 9x^0r\0o?CX9|BWǌ]\'~Rct7幱-仼\0F gSp5kuSـu,aOQj+t>!{>I7qZq,`O#5Vc,oQՙтkrCՌz24W\nf sۥy-VG\0*hQn3\\tBKEXiB_MGjEARzSרenx̆_!?\'ަ\0(M	]ksEYˍW\\H⛻ʓu~bf>n&G:]#\0FbO&jѥgcW[uulz;GJ֢tg9+ֺm&p85ZOTGyOn*_nGҹK]kՀeVסeJތB3GKk햯b?]bWKԠ#wqsD0#5rOl>vwnV[2F`\Z麕Քo+E}xy~/iN*;`}Yk\"ݗ Hi\'F7jf:|?RxelCp\r\0OƝMGmHR>뀿\\nWJvIvԑ屍J5(HY&c&12	{e3K\0;$_ƽcGΧnJٞGc^mXB>?FM+T*%Fn=Q\\Ksm˅SNr~WsNXR;g88MO\\x,(,UW\'h^ul4ԚKDw]jZ|8^7]Gcl¤}_F鄗p;|.G\0\0	_^!	 ʀ>vceYrDV~+դUVrzzel:>>nr}j5c0zܮp3WVVqVbг+H\0g˕\\Td\'bnsӭ,cɢtyVg$\0vCV,o$|7/~@qFyjo)>K\'%A9_+v~3Z3h(TQ\0T`8#֧v\n2Wg֦6M\0ض\\(gsXW2Ʃsձ}$2j̤dJvc>e19qhfY]߂uo:?<4~~0Wo\r\r\\O+Ui8?	JyO\r/,u5_cXzq\nMnGP\ZJBYKW͵gfzʣ:>jxrj>!#*A>|.NC/I1eT \\cJ-53k!]:\\U*,Jrζ<ú[A8Y*td:$gV}\\hGHdg ֧D򹳷ewwNXv0S[3KG$u9P2:sqiy_-X	g^B\n+~IjRJ3O c7#|_;ZfAsW<?~5m8ϐ/m^rl?~uow#N\0e~Q\n\'Nӌ >jmugoo[XD#\nŵ2ǿOU\0@1PmPsjILeP{攌OSڀ\"n@O\r([4WE,L+#9AKsc:]jz4t@zjfK\rś&<?ARzh൫1U\0\\ a7tm\\ۘ]S\rR*[\r?r]-ϝ1^aA-SY\"\rpK\r+z1A{r<Xؖc9sl`d/Cq$|b؃Ҵm51QE{jF>n6wcbAc⦶<,m\'\rOmҽ45cn\\>)_/q:\0Mg4sDdF\rzu\rWQAf9e땟/JNb9/Eo|,^\'wL01ϡ8ȚϦZ힤?J\"q?P+͓l#̛e\\-%c*A%<Whw\0kьLi\Z\rs?ZQ7.b9<gkѵ}Lnl=vg^0PR\0/xt`c?#ZDIM^n1 ӿkږ˪B+\'<Wx5⓷#s(\0ߊ̇,~;ºcuW\ZFsx8$qAz_cdß+dz\n\'ƪ|\nj\0ԁӑ*CNjm,=jP2+*GQH	<Ü\Ziw57VRh\\:0AȪl=32OVI琢T?e}ƸZmxmH|;Xjbj\0e|YݐI[P\rNYU\r`((|+LzP\04K_6<?1LE$&lh&;~Yx#޺2cE))GT`keCA׷ԼCXdVυuH߻3ٿ-xPLbV*rk5R,~*nkΣ2ZHCҰ\\pðk]d\"kʹ,Pp`?|):m\'џGUyɭi$H-\ZONMe|{΋ǫ@Wl;0\0y-=\')Gu\"%Fn\0XѦE6)טKZYYW\rv/\rͤ&/\0>3OltɈMM\"[3|QrEhv8\0:H:/yg+1N?rD|MqVRNv\"?ֲ4KpB19?F\nN)Py\\)NA´li9kR\0Wk3NNҸG;J9?1=Od4Z	u>y1mރu~\"\Zomb}WyP^.HK?0GC	ź\0?Mws]FX#~-ɼ1ÏW^\n%e硕X@̡$Uqg4clNx8M;S:lW)!ϳW:3F΂H}AbQk=VwuL=\\ׇPGbU*}t٥%VtW^2W\\pZ<jۖlmyڠgsW\0>Q3*iMUsOycpF+\n\0/Z=s>Eaj+x+D3枅i<Ȕ\"INrٶ!Аj9+{~ʻo;Sm{1ezTrƘőG2v89-\Z\nnNHˀ=Ν\'j\\-	V\'d8Hd0al5WSSY.qQnhXʞ)\r׃V#{B\rm*ɜ\0\0XqRD Of\Z^[pGI5$cS<C?${ӁsBm;sqrTfP=ꞛ7 ~\"hK&9; [0lut?+FgH⹟{xS#p,qsbjQv֚qo}$G+uw^uO3tDmS:-ѓҷ0Ag&b88VG}y^s9.\0ˌ{U\ZQ#Zϸ<ֵg-dz\ZTc9e$VJ#228\"RҨCvSsuE~JEPۏߺ5e8E\n; /Z4a<J˽U׭B0՘꺌\ZJ2`iO\0*q=)ʏAR犉8=g9PGBiFI_\0u>|ݐ\n=+.er>	(˻\0{J^G\rXl޷adVx؞\0_5=FDXc]\0t˖Լ¬ ;O%+wJDl=p¼\ZJwǱ;IN_aG=sDξRѹFYIcUd|SEK0rIxaҦ&,2@G\'ڰt9eEdSGOz-2ᑇ~/NJM53Y͸Avko6Igv\"cVV2ju.\".j8-1Ҝ<\"F\'0A\Zw7T\0-*qYw O\\Č0Ցu\'6QLSQQE\0Fw/}\rG|ǭ\"[AV\'<s^9M[AIFc<uן\rBZP.?Y{h^6T&8~c[Z΃6`ydcH`I$vWFrҙCS@|h[]Gc7\'I=wnecqz $G^+μ;-\"+$ҌpOMWL!fIs5jm:hSM|jO~Ws3V5\rFM{GsN[}I[ipe`~S3w\'sYfI/]V|mޣ\rZMl\0mW\nqJ\rCVRI!`e	*gQ]H,\0ֺ\\9}ۜ<cC?15:HI/\0֮F6zvKpzzjSl\r#[Nv8L+Vj$k$q+ܻ3\rJqI?iV6&ۓV5ID*zR㚘k6|X&.h`M`J*(4R@5XzWIk%ceqʆ9\rjc~;b\'8z)sr>SJ\\+mL<eEq3ѯw>ͣϷI?ZS	V7W>\\kNr@r9xqw=IRRV<AW-#&\0s5Bx+Z#.9ڸ[1BJQ<pȨ%B\0TAq	n\0;1y}⣧<(F/ȌANd{VeQI;huPt6r5Ԑ0F+RBgxQU$Ijr\\vz֒z:(rIo;9Tڐ[a.)m2p	D	0?!OdPEmP{bFDBY; SDY*\"ri)/8ھqTJNi_A!\"\r}>6h Er}i-,u#j<\0$wZzR8ͯM,i,yOq^m-!ʹ_ږh^2cV9 SkPΚx[snkBm`Y$sӊf?O\Zn]O8ⶌTU.fTU5Q;a\"C\"pFjCۊfvGQ\"Qc=UR@80ukӅCv\08\0⤾Ѱ0#\r`U\'A>sU:AT<)GZJZ@/zrW\rifSoP.-pULsStk^hAqZS=\rZg6TM#9{#|jof?\ZFڞJ;1*R\\	eua]AoDg{=m\0ܞhpea]ă`Z+iR=E485 +<E8QE4).cZ(Fl-ʞn LEE)nt:v#mԣ|k/,Y嘞IAE]u*IJ#{Uj(DTw\0ޘ.q\Z\rVt\\Pj9($(2MǭZC\n(ڡe#Os56Bܓӹ)$6?','img_2201607300021192.jpg','Obama and Putin'),(11,'2016-07-29 21:21:20','image/jpeg',11341,'\0JFIF\0\0\0\0\0\0\0>CREATOR: gd-jpeg v1.0 (using IJG JPEG v62), default quality\n\0C\0		\n\r\Z\Z $.\' \",#(7),01444\'9=82<.342\0C			\r\r2!!22222222222222222222222222222222222222222222222222\0\0\0\"\0\0\0\0\0\0\0\0\0\0\0\0	\n\0\0\0\0}\0!1AQa\"q2#BR$3br	\n\Z%&\'()*456789:CDEFGHIJSTUVWXYZcdefghijstuvwxyz\0\0\0\0\0\0\0\0	\n\0\0\0w\0!1AQaq\"2B	#3Rbr\n$4%\Z&\'()*56789:CDEFGHIJSTUVWXYZcdefghijstuvwxyz\0\0\0?\0&5sRuk@$Zgl(%.y\\f#Fi$gj\'ܶ+kLPZ<ʘ#ڒyAִO)uc?ag9a:zt[FP@\0EJ_Vm\\oPbqbc+NzMM\"&6W\'P##Fꘃo6pz(NM0~cSYZl~m|\0`_`Fz}OfX+ǓFhccB=+Bnl)HT*+ԃVGR-ɴsZx+J9_V-UV,2@uA\"F`J_p;yeO\\LCy+_h?wBq)hl\r*wv\nոkm[$j0p8֓MgQ08<%ӽEJQZv0|G\"ʍ1<$V\nWvڜjJ?\\?/k-,$k7۳e\'\r5wŭi,33kīgChmt[KfL%GS<BW#-ٳ*mr%?+(c;\Z\0$l_?51h:ְV\0 .Σ\0]	1s&®oAcUyr0=889ڌ^i!8\'53\\j3$gCtrؘʹL?.jrFnYQvS˺XRֻXE.q Vh{\Z6MV98	Wppi׻<A$ۮx{:|PY!ʜȠD;Jyda\\[\Z8tAxȬ˴BiϨX;/BXGpFض]\n+ߐ,EyVRGfFfRzTwpB$0\0qXc+7+B1M\0h$\'\0!8iag43|?׵.	Bԙiku#Rdm-_#;*]z_<o\r2jᶛӂy8\reS>`ӚQ:%)]3a\\@#[P2s޶ͤ{ÀTKh@1fT{\rNݳ\0xȷQN,IuDFj\nG5T^$dg>bsSFsBW {*W<dK)搌>WjDw9l\0䌊וk\\r4G|W\rotnf?2InAa`h.\r۟=kR@l~#bEsMCg\'a$#$# 95сrͻy#XxQ\niA|I\"#<gvvcI1_}\0\\ײ3Az*K#lfx؅9BN\"<>pwi	=(W4 R;OVk@14F\\:,J89\0pxj./$靵KD7\\r/+dUݩ?nRh굮%~?MMMz+n\"xhaMԀ9\0z33FZ2r0\'4)	\0~54|lۇLa(@ȭn~5Hd)Rn \0dԐ BG4]0ӌ_;rHq)J$5-B<1lTi\0JUf:ZQv}n#cA!p=QEڐy`\0.q{+1<pNd\'j \'ҽR5\'l!!	\"H[޹.	$gzͥˀq*ŚۭÍ󃷝:mQkV:Nd(D͕b]Τ64>; ]nyqҪ[vP$E܀YUHAwl1uJuesM0hf=NAdq\0yogGT[K,Θdl[\0[mqhF8j\0035\'@4p9\n8\'atP!<K33Sлkz>\0a5m0\n3\0Kbه/C\ZCqsojv=:=\'@}xɕozkS~T}#󪂻HLm	&o4|dO\0\0!\\%E6mV?C]N_hq&BLYEwbq1:]^Bqq?)3gP9 \\?5T9t]6{{<Vş$@\\5k\\E\0:~c}S,.+q/%FIg8?]w_4b]F2ڵ\n219ea)=&v(#\r<vy=j[OnK.\0{k\nA$\rKlY<UtbA\ZzJbt̞Y?F\0uI4=O>s?\Z\rJu^\r6TWRK \'>>6Rt3pG==#4S042\"\\\0VM1f ުi\0\0f޻ym*>v8^- x-Y-@UWӞ\rCWC{Ŋmހw5+;+~(%bo.sb:\\֥4whgn$>A?zMWXҢX9c>zW)C2nݫse֖:$ qW=<Lg.CP9?.WgZ\0v6g\\Qp\n>,BWtRo}\Zvfr8y^[u\0B)\\d\rzǉt{\0zҼl[JYJyx*Ze}bO7\"ln:TkoH^[Qah9#X\'\nImsr7#d#\0g4cWxd\r;\nc2B\Z䵹hHS|Nkj*H\nqHbc-QG?kK@I3!]\0$XTn\0sm4mZ6	.@g]qLbfnIOht\'Ri#r>+Ju/@ABs0y%a)B\0֎[kՀg_2w=dS571Q=?i[#8hv~]7G:HAS^4U-˞1	ϊ~N$tXwxF>FO>\\}4z\0pFz\0\Zds?̮[x?\\	4ΚX|?:	G@L?\\sĹ$蚱=?O:$~M:chZ1+4ZJ	N2\\㆟AF%$~#L{\0X_PdDl.p99=jyuRԨ@8\0sҸ_TmO!\0\Zu>2dA!>?W7^Ójv؊O P\0@Ihjmg3>ɌF}5ۍ+Zug,6*v_ʹ]f[丅$\\İ|\\z\rWu\Z3[-g8I{>зXfU@\"Tڱ\r^8%~!,;kmnQyjmJ)H1zz8l4u<g#ǱSđ*hR\"b^o5\"~]Zqn.zo3!>a)O05~57<U+(\\l}}CQλ`~`A\\\"}0<j.-nmYlm3~uLPi /.HC<v?\\\0VӘrs:C\r,T8 ~	ǽB֦;y.-ɉ[k!\0\0hr8msJ3E+ǝ	Qu+^3\nEECYdyeϦ>aw5}ɮ+Hq֊B-Dd%_;^(\Z9O@v)topz5[>}-W0aʬx_\\\Z\'y7RDފw~5;h׭U}RǤ0$e!R^\0*=DZ\\\n\0*كǫ<_\'F%l;6s	q?Jh|mEXBb8RPEka+	ǭ0<\r,?jH\Z1\\GXIw;x݌\'ʼƿu:[F2!%K$+tY#f\n$2M_I	&6\'\'+٧cmFn]ر;^SVh}GGi\n-\"D9Ǿ\0\'SV\0?ilG?7ߡ4䮋GFQhTH|s\0}Wx_RS+6N1gq׷m8r0>q_5;8s8\Zz~%`Ǜ8gA+|AW[ava\r),V);Ff9y~\Zm\neq#3[\09\\\0HM:K)kc,EFZ]Gc(H2B?pߥnעකf3PҸs=y5Ǌ6ɸsEX&R3g=A.dQsuT0a{ty=*x7Z4xk27_e̱;_\\<\0:fLtrE1BR㉼&1Ig=vݕ}Ҍym5[=.Gb29cמ>Z7p7ϽPpI =*cICrx\0)\0?(\'fXeD;>b9 ~5tL/fL־dO;Ab=ērI4PT܀3׿4VG$gfsSZ+V`\rW]OF3e$nz\\0M\"]kR?m?kn\'eلg7r~b\'N\Z=$Ѵie#s.!\\es?!9#on\\08zTCو)0|&LOzĄ\0QGVo$\0|u͔7HFN)\ZQJI\\ː	\\qn4\0OGwo3*Bx5e_K8}y#Fgd?tgq?s4ϥ{҂<bZ*XAaɨLuM}gL=kƤ\Zݷׄ~&T%6-{Xm+\"1WCGjσ%\Z͌ЬN_ϸ֟隩W{MAu>P/jh8Q5!qWir@ȝO|FyƩPIvdR-[>ָ6<^\0/XE\0mF& rԐq:s3PiA~ǨOHF{	Ct8lNA|huxwQZMh,fLQ1}@;lq}}؟<|ؼM#\'|ßJޔ9݉W? \0.OWAGadVR,,9-T\0TTɷ[\\XQpUр8$`G!5Oo[1\0Q?ꊫ=X}W[$SpU^p;u\\Etj-rJMh֖OLC6OH	\08/v&ԛgsVշդs$뼓ˀEzW Oաa2?뙵4گFXM:I[q\Z~`|ދ7jN}9i\\nI;W@LPw]kt4H\0#䍰.8jXQ%wOph*u,1OՏ4Rn`-,NT6Z@/$|SG!3ќrǯȵ_MIgӴq\0XfEߊr\'tDm+3j?_Ҽ`H\"\"3y8qKw;{u9i?xrPnF}{6|8:_1m`m✤c@b2|i$NZGbIv9}i]A+!!f$	b;\nq\\]oȵuhOcČW*߃(gП^Qs&wfPpHU ]Λ<\r3K6m̰ cu{`\\C(pN	b m2J$IolyZ\',]}R/isW\\ᜍ._^r\'OKs_6Aҧ]fU骢K?{inr>E2eS~2<K]cd 1\0<wԧ*}=K\\\'QCۜ&\'ݦݼU5K$wV֢+F3X\n?ʮNM[V!F\r䢍wP\\M6Rm\09\0үxJk/J-g,g{^YYx\0@=lF6휒*&R:3q`ɽIQ7Z6ͮiPiZ+YX;N1ߩ⊉ƕѥ/O2bHx&Bw=˨xUǺcIoIء#\rx0:Ιp\nN;8OMvO^v$ӱtæJoas}<}\0h]Ik>zVZctʾc-+%ɔ:/\nt\Z!=s5ѯXJ/`)VD䒧E+׺1)IQ7LUTUJ8Ȏu[+:cJq?5-ߍ;hcx_k-:_me_4mR3dsNW6^Z|mѧ܆yvas𣐤]w5<h\'qYڮ0HKɑ\"7@H+[R5ҔҔQ4)ǽ)©ڒXu%9+cb{;`PS^	Rf噉|sU|쇿\"w^.hYD-$giu6e$;M|=N}9-Myz\\7.3XbnNU*s	SmuZy=61jmxX	=I1aʼ<\r>	Oy؛#PWlbvlO\\|̷L1 })ͦ\"YԾ<6b&aubBuI\Z<;qk\0l]g\n%h.Z6*r:?5d:nۇ3w2se$r	jLHȶ;1UHuMbzfq𢹫|_x\\cLJ~/^C,Emg8SBז{K9,:cwƺ7.ږio\0W+iASw;24UokF]\Z9+)5{m_L:#yccs^?%a,m.y$qobCp?\ngm6;P\'M3#N۞T> 弖iYCHA O?t.\n4[9?*>[Ilt$E##	aN08E¼gtV2cVf`#	n|^ˢ!Y{\n+SXl7sZzuK(\Zcqvѡ˻ݮrH1E:nE6sy\n_@T\0:-@5My,6̹HǩRjR#q3*td=8f\ZéJY͖9sҵ5;:ܩ%āgP3ZQv\0	?r+qw9&@aFG5ӷ\'j\ZH\0΋Z\"I?*+2$uLWt7R$Ql=5%wV^k,<sg*꺬e>Tl@Oj^KN$e3.ӡoJ}Wu\\GrH#~j8ˣ\\[~{5k^ FӠILʧɐ6GNVuI=,<K\0)\"a\09[̹5\r̈́rMe{$zfu\n\0ECޗ$V;{k;\"A`Òs%3\0֥U䷂͹!NɎ8  pN?\0:еE`ֲ\n?ZSqao\\Eo1\0X}yp[)_ޕttF|d hzqR5COCivG*<l0yĊ+m-cG=dzco +IN0QmS6c,*$6di隭lt1P,XgW-N6*A\ZMO5=a-2!cvK``T`|\0ާOSm~#jY$\0i>ep7\Zpf\r$\0fxoAͥ8#4|y{*٭IfǶ``@}wiڡuR0I.\'\0$<bJvi1\na\0pp>Ve0I2n#?;\rQ|a3mtOR` mka\0jٴpYs3x6+ u݅=?.d=I-\'巳\0Soq\rZC,I g<\0CRB{r71~_.d\Z\02PҚ6q;b6|q\n\0RU\nCE	b{<`Jˡ-[\Zu)1?ơ8V!#;x#qm!7v9ǡWW\ZYi<@NpB浰GSMB\"Pzg1`ʓk}\0]?(eAikzw4=x2d/@Hd~?=;^Z\0sSYG&_2XаFp?«Le6Dc\0[p]WVn{ S7dU\':i5\"K3uoOϮW ߺp%\',63S.kpE\09%\"4)\',LI1Jm#cV]G~q#ǧL%Y@H(;w\0H8;G{s52te9\'5Kf^,YqlK6rF7\nº.eg;b*M@@ݹ^rLV\0b.s~,vHbFއG$;\ZBA+]\0ӿ[\0YKHY?*A(pl9&hp4FR[qo\0\n͏KQ3\0֦\0w:e}Sq)6DH\0efM9ŦH^_:uQꐻ|{gg.	^{`TSi5R.y;y\0\"H>cZyi*0pNFKRTby,̏pciִmC$2E){\"H_\'q1钥¢tXN?UIx߆?}sPOf7[v7~n[ Ϥ`\0ZV`QU0/\01O8@ֺr /!y,vva+(>[pL˅cq\rT3p=\Z\ZsOKFD+sA*xrQ%[آRz KQͶC|%OYȥn\'q<qEWv&ڗ@@ǵDҒp*\"hփLF3}$dXđz;#6Yvkmx\"(\0SCNya4SE\0?֊(Ʃo\r9F.ڹ3EӡF6H`3H\"\01dcETބj6E\"pA{fQm)DM=r(+jMe]EQJ/A','img_2201607300021203.jpg','President Obama in the White House');
/*!40000 ALTER TABLE `images` ENABLE KEYS */;
UNLOCK TABLES;

--
-- Table structure for table `link_img_to_usr`
--

DROP TABLE IF EXISTS `link_img_to_usr`;
/*!40101 SET @saved_cs_client     = @@character_set_client */;
/*!40101 SET character_set_client = utf8 */;
CREATE TABLE `link_img_to_usr` (
  `image_id` int(11) NOT NULL,
  `user_id` int(11) NOT NULL,
  KEY `fk_link_image_id` (`image_id`),
  KEY `fk_link_user_id` (`user_id`)
) ENGINE=MyISAM DEFAULT CHARSET=utf8 COLLATE=utf8_unicode_ci;
/*!40101 SET character_set_client = @saved_cs_client */;

--
-- Dumping data for table `link_img_to_usr`
--

LOCK TABLES `link_img_to_usr` WRITE;
/*!40000 ALTER TABLE `link_img_to_usr` DISABLE KEYS */;
INSERT INTO `link_img_to_usr` VALUES (4,3),(5,3),(6,3),(7,3),(8,2),(9,2),(10,2),(11,2);
/*!40000 ALTER TABLE `link_img_to_usr` ENABLE KEYS */;
UNLOCK TABLES;

--
-- Table structure for table `link_usr_to_usr`
--

DROP TABLE IF EXISTS `link_usr_to_usr`;
/*!40101 SET @saved_cs_client     = @@character_set_client */;
/*!40101 SET character_set_client = utf8 */;
CREATE TABLE `link_usr_to_usr` (
  `user_id` int(11) NOT NULL,
  `friend_user_id` int(11) NOT NULL,
  PRIMARY KEY (`user_id`,`friend_user_id`),
  KEY `fk_link_usr_to_usr_2` (`friend_user_id`)
) ENGINE=MyISAM DEFAULT CHARSET=utf8 COLLATE=utf8_unicode_ci;
/*!40101 SET character_set_client = @saved_cs_client */;

--
-- Dumping data for table `link_usr_to_usr`
--

LOCK TABLES `link_usr_to_usr` WRITE;
/*!40000 ALTER TABLE `link_usr_to_usr` DISABLE KEYS */;
INSERT INTO `link_usr_to_usr` VALUES (2,3),(3,2);
/*!40000 ALTER TABLE `link_usr_to_usr` ENABLE KEYS */;
UNLOCK TABLES;

--
-- Table structure for table `log`
--

DROP TABLE IF EXISTS `log`;
/*!40101 SET @saved_cs_client     = @@character_set_client */;
/*!40101 SET character_set_client = utf8 */;
CREATE TABLE `log` (
  `log_id` int(11) NOT NULL AUTO_INCREMENT,
  `log_date` timestamp NOT NULL DEFAULT CURRENT_TIMESTAMP ON UPDATE CURRENT_TIMESTAMP,
  `log_type` int(11) NOT NULL DEFAULT '0',
  `text` text COLLATE utf8_unicode_ci,
  `script_name` varchar(250) COLLATE utf8_unicode_ci DEFAULT NULL,
  `user_id` int(11) DEFAULT NULL,
  PRIMARY KEY (`log_id`),
  KEY `fk_log_to_log_type` (`log_type`),
  KEY `fk_log_to_usr` (`user_id`)
) ENGINE=MyISAM AUTO_INCREMENT=29 DEFAULT CHARSET=utf8 COLLATE=utf8_unicode_ci;
/*!40101 SET character_set_client = @saved_cs_client */;

--
-- Dumping data for table `log`
--

LOCK TABLES `log` WRITE;
/*!40000 ALTER TABLE `log` DISABLE KEYS */;
INSERT INTO `log` VALUES (1,'2016-07-28 21:22:27',2,'REMOTE_ADDR=93.72.65.154|','index.php',NULL),(2,'2016-07-29 15:39:48',2,'REMOTE_ADDR=93.72.65.154|','index.php',NULL),(3,'2016-07-29 16:01:21',2,'REMOTE_ADDR=93.72.65.154|','index.php',NULL),(4,'2016-07-29 16:01:33',0,'Користувач: admin, user_type=1, user_id = 1 увійшов у систему','sign_in.php',1),(5,'2016-07-29 16:38:14',0,'Користувач: admin, user_type=1, user_id = 1  вийшов з системи','sign_out.php',1),(6,'2016-07-29 21:08:41',0,'Зареєстровано нового користувача: user_id=2, user_login=obama (Барак Обама)','face_reg_user.php',NULL),(7,'2016-07-29 21:10:48',0,'Зареєстровано нового користувача: user_id=3, user_login=putin (Володимир Путын)','face_reg_user.php',NULL),(8,'2016-07-29 21:11:52',0,'Користувач: obama, user_type=0, user_id = 2 увійшов у систему','sign_in.php',2),(9,'2016-07-29 21:12:25',0,'Користувач: obama, user_type=0, user_id = 2  вийшов з системи','sign_out.php',2),(10,'2016-07-29 21:12:38',0,'Користувач: putin, user_type=0, user_id = 3 увійшов у систему','sign_in.php',3),(11,'2016-07-29 21:15:35',0,'Користувач: putin, user_type=0, user_id = 3  вийшов з системи','sign_out.php',3),(12,'2016-07-29 21:17:02',0,'Користувач: obama, user_type=0, user_id = 2 увійшов у систему','sign_in.php',2),(13,'2016-07-29 21:23:45',0,'Користувач: obama, user_type=0, user_id = 2  вийшов з системи','sign_out.php',2),(14,'2016-07-29 21:24:03',1,'Не вірний логін чи пароль','sign_in.php',NULL),(15,'2016-07-29 21:24:13',0,'Користувач: putin, user_type=0, user_id = 3 увійшов у систему','sign_in.php',3),(16,'2016-07-29 21:25:34',0,'Користувач: putin, user_type=0, user_id = 3  вийшов з системи','sign_out.php',3),(17,'2016-08-09 07:56:02',2,'REMOTE_ADDR=93.72.65.154|HTTP_REFERER=http://os7866.in.ua/|','index.php',NULL),(18,'2016-09-06 16:19:15',2,'REMOTE_ADDR=93.72.65.154|HTTP_REFERER=http://os7866.in.ua/|','index.php',NULL),(19,'2016-09-13 23:05:06',2,'REMOTE_ADDR=95.158.53.173|','index.php',NULL),(20,'2016-10-10 12:27:53',2,'REMOTE_ADDR=88.81.253.226|','index.php',NULL),(21,'2016-10-14 03:49:14',2,'REMOTE_ADDR=141.8.132.32|','index.php',NULL),(22,'2016-10-19 06:20:29',2,'REMOTE_ADDR=213.108.78.15|','index.php',NULL),(23,'2016-10-21 10:46:04',2,'REMOTE_ADDR=178.94.224.100|','index.php',NULL),(24,'2016-11-01 18:45:12',2,'REMOTE_ADDR=93.72.65.154|HTTP_REFERER=http://os7866.in.ua/|','index.php',NULL),(25,'2016-11-09 18:01:26',2,'REMOTE_ADDR=93.72.65.154|HTTP_REFERER=http://os7866.in.ua/|','index.php',NULL),(26,'2016-11-09 18:09:19',1,'Не вірний логін чи пароль','sign_in.php',NULL),(27,'2016-11-09 18:11:57',0,'Користувач: obama, user_type=0, user_id = 2 увійшов у систему','sign_in.php',2),(28,'2016-11-09 18:12:01',0,'Користувач: obama, user_type=0, user_id = 2  вийшов з системи','sign_out.php',2);
/*!40000 ALTER TABLE `log` ENABLE KEYS */;
UNLOCK TABLES;

--
-- Table structure for table `log_type`
--

DROP TABLE IF EXISTS `log_type`;
/*!40101 SET @saved_cs_client     = @@character_set_client */;
/*!40101 SET character_set_client = utf8 */;
CREATE TABLE `log_type` (
  `type_id` int(11) NOT NULL,
  `type_desc` varchar(250) COLLATE utf8_unicode_ci NOT NULL,
  UNIQUE KEY `type_id` (`type_id`)
) ENGINE=MyISAM DEFAULT CHARSET=utf8 COLLATE=utf8_unicode_ci;
/*!40101 SET character_set_client = @saved_cs_client */;

--
-- Dumping data for table `log_type`
--

LOCK TABLES `log_type` WRITE;
/*!40000 ALTER TABLE `log_type` DISABLE KEYS */;
INSERT INTO `log_type` VALUES (0,'повідомлення'),(1,'помилка'),(2,'відвідування сайту');
/*!40000 ALTER TABLE `log_type` ENABLE KEYS */;
UNLOCK TABLES;

--
-- Table structure for table `messages`
--

DROP TABLE IF EXISTS `messages`;
/*!40101 SET @saved_cs_client     = @@character_set_client */;
/*!40101 SET character_set_client = utf8 */;
CREATE TABLE `messages` (
  `msg_id` int(11) NOT NULL AUTO_INCREMENT,
  `msg_date` timestamp NOT NULL DEFAULT CURRENT_TIMESTAMP ON UPDATE CURRENT_TIMESTAMP,
  `user_id_from` int(11) NOT NULL,
  `user_id_to` int(11) NOT NULL,
  `msg_text` text COLLATE utf8_unicode_ci NOT NULL,
  PRIMARY KEY (`msg_id`),
  KEY `fk_messages_to_user_from` (`user_id_from`),
  KEY `fk_messages_to_user_to` (`user_id_to`)
) ENGINE=MyISAM AUTO_INCREMENT=3 DEFAULT CHARSET=utf8 COLLATE=utf8_unicode_ci;
/*!40101 SET character_set_client = @saved_cs_client */;

--
-- Dumping data for table `messages`
--

LOCK TABLES `messages` WRITE;
/*!40000 ALTER TABLE `messages` DISABLE KEYS */;
INSERT INTO `messages` VALUES (1,'2016-07-29 21:23:41',2,3,'Hello Vova'),(2,'2016-07-29 21:24:56',3,2,'Привет Барак');
/*!40000 ALTER TABLE `messages` ENABLE KEYS */;
UNLOCK TABLES;

--
-- Table structure for table `users`
--

DROP TABLE IF EXISTS `users`;
/*!40101 SET @saved_cs_client     = @@character_set_client */;
/*!40101 SET character_set_client = utf8 */;
CREATE TABLE `users` (
  `user_id` int(11) NOT NULL AUTO_INCREMENT,
  `user_login` varchar(30) COLLATE utf8_unicode_ci NOT NULL,
  `user_password` varchar(30) COLLATE utf8_unicode_ci NOT NULL,
  `user_state` int(11) NOT NULL DEFAULT '1',
  `reg_date` timestamp NOT NULL DEFAULT CURRENT_TIMESTAMP ON UPDATE CURRENT_TIMESTAMP,
  `image_id` int(11) DEFAULT NULL,
  `user_type` int(11) NOT NULL DEFAULT '0',
  `user_first_name` varchar(30) COLLATE utf8_unicode_ci NOT NULL,
  `user_surname` varchar(30) COLLATE utf8_unicode_ci NOT NULL,
  `user_sex` varchar(10) COLLATE utf8_unicode_ci NOT NULL,
  `user_email` varchar(50) COLLATE utf8_unicode_ci NOT NULL,
  PRIMARY KEY (`user_id`),
  KEY `fk_user_image` (`image_id`)
) ENGINE=MyISAM AUTO_INCREMENT=4 DEFAULT CHARSET=utf8 COLLATE=utf8_unicode_ci;
/*!40101 SET character_set_client = @saved_cs_client */;

--
-- Dumping data for table `users`
--

LOCK TABLES `users` WRITE;
/*!40000 ALTER TABLE `users` DISABLE KEYS */;
INSERT INTO `users` VALUES (1,'admin','admin',1,'2016-07-29 16:37:29',1,1,'Адміністратор','','male','shurik_shink@mail.ru'),(2,'obama','obama',1,'2016-07-29 21:17:46',2,0,'Barack','Obama','male','shurik_shink@mail.ru'),(3,'putin','putin',1,'2016-07-29 21:13:21',3,0,'Владимир','Путин','male','shurik_shink@mail.ru');
/*!40000 ALTER TABLE `users` ENABLE KEYS */;
UNLOCK TABLES;

--
-- Temporary view structure for view `v_last_user_messages`
--

DROP TABLE IF EXISTS `v_last_user_messages`;
/*!50001 DROP VIEW IF EXISTS `v_last_user_messages`*/;
SET @saved_cs_client     = @@character_set_client;
SET character_set_client = utf8;
/*!50001 CREATE VIEW `v_last_user_messages` AS SELECT 
 1 AS `user_id`,
 1 AS `user_id_2`,
 1 AS `image_id_2`,
 1 AS `reg_date_2`,
 1 AS `user_name_2`,
 1 AS `msg_id`*/;
SET character_set_client = @saved_cs_client;

--
-- Table structure for table `xdirect_contacts`
--

--
-- Dumping routines for database 'h5277c_sn'
--
/*!50003 DROP PROCEDURE IF EXISTS `get_user_state` */;
/*!50003 SET @saved_cs_client      = @@character_set_client */ ;
/*!50003 SET @saved_cs_results     = @@character_set_results */ ;
/*!50003 SET @saved_col_connection = @@collation_connection */ ;
/*!50003 SET character_set_client  = utf8 */ ;
/*!50003 SET character_set_results = utf8 */ ;
/*!50003 SET collation_connection  = utf8_general_ci */ ;
/*!50003 SET @saved_sql_mode       = @@sql_mode */ ;
/*!50003 SET sql_mode              = '' */ ;
DELIMITER ;;
CREATE PROCEDURE `get_user_state`(
	out err_code integer,
	out err_msg varchar(250),
	out puser_state integer,
	in 	puser_id integer)
BEGIN
	declare exit handler for sqlexception
	BEGIN
		set err_code = SQLCODE; 
		set err_msg = 'ERROR';
	END;

	set err_code = 0;
	set err_msg = 'all right'; 

	select user_state into puser_state from users where user_id = puser_id;
	if (puser_state is null) then
		set err_code = 1;
		set err_msg = 'Відсутня інформація по користувачу. Можливо користувач був видалений';
	end if;
END ;;
DELIMITER ;
/*!50003 SET sql_mode              = @saved_sql_mode */ ;
/*!50003 SET character_set_client  = @saved_cs_client */ ;
/*!50003 SET character_set_results = @saved_cs_results */ ;
/*!50003 SET collation_connection  = @saved_col_connection */ ;
/*!50003 DROP PROCEDURE IF EXISTS `to_log` */;
/*!50003 SET @saved_cs_client      = @@character_set_client */ ;
/*!50003 SET @saved_cs_results     = @@character_set_results */ ;
/*!50003 SET @saved_col_connection = @@collation_connection */ ;
/*!50003 SET character_set_client  = utf8 */ ;
/*!50003 SET character_set_results = utf8 */ ;
/*!50003 SET collation_connection  = utf8_general_ci */ ;
/*!50003 SET @saved_sql_mode       = @@sql_mode */ ;
/*!50003 SET sql_mode              = '' */ ;
DELIMITER ;;
CREATE PROCEDURE `to_log`(
    out err_code integer,
    out err_msg varchar(250),
    in plog_type integer,
    in ptext text,
    in pscript_name varchar(250),
    in puser_id integer)
bl1:BEGIN
	declare tmp_int int;

	declare exit handler for sqlexception
	begin
		set err_code = SQLCODE; 
		set err_msg = 'ERROR';

		rollback;
	end;
  
	set err_code = 0;
	set err_msg = 'all right';
	select count(1) into tmp_int from log_type where type_id = plog_type;
	if (tmp_int = 0) then
		set err_code = 1;
		set err_msg = 'Поле log_type не вірно задане';
		leave bl1;
	end if;

	if(ptext is null or trim(ptext) = '') then
		set err_code = 1;
		set err_msg = 'Спроба добавити пусте повідомлення'; 
		leave bl1;
	end if;

	insert into log(log_type, text, script_name, user_id) values(plog_type, ptext, pscript_name, puser_id);
END ;;
DELIMITER ;
/*!50003 SET sql_mode              = @saved_sql_mode */ ;
/*!50003 SET character_set_client  = @saved_cs_client */ ;
/*!50003 SET character_set_results = @saved_cs_results */ ;
/*!50003 SET collation_connection  = @saved_col_connection */ ;

--
-- Final view structure for view `v_last_user_messages`
--

/*!50001 DROP VIEW IF EXISTS `v_last_user_messages`*/;
/*!50001 SET @saved_cs_client          = @@character_set_client */;
/*!50001 SET @saved_cs_results         = @@character_set_results */;
/*!50001 SET @saved_col_connection     = @@collation_connection */;
/*!50001 SET character_set_client      = utf8 */;
/*!50001 SET character_set_results     = utf8 */;
/*!50001 SET collation_connection      = utf8_general_ci */;
/*!50001 CREATE ALGORITHM=UNDEFINED */
/*!50001 VIEW `v_last_user_messages` AS select `u`.`user_id` AS `user_id`,`u2`.`user_id` AS `user_id_2`,`u2`.`image_id` AS `image_id_2`,`u2`.`reg_date` AS `reg_date_2`,concat(`u2`.`user_first_name`,' ',`u2`.`user_surname`) AS `user_name_2`,max(`m`.`msg_id`) AS `msg_id` from ((`messages` `m` join `users` `u` on(((`m`.`user_id_from` = `u`.`user_id`) or (`m`.`user_id_to` = `u`.`user_id`)))) join `users` `u2` on((((`m`.`user_id_to` = `u2`.`user_id`) or (`m`.`user_id_from` = `u2`.`user_id`)) and (`u`.`user_id` <> `u2`.`user_id`)))) group by 1,2,3,4 */;
/*!50001 SET character_set_client      = @saved_cs_client */;
/*!50001 SET character_set_results     = @saved_cs_results */;
/*!50001 SET collation_connection      = @saved_col_connection */;
/*!40103 SET TIME_ZONE=@OLD_TIME_ZONE */;

/*!40101 SET SQL_MODE=@OLD_SQL_MODE */;
/*!40014 SET FOREIGN_KEY_CHECKS=@OLD_FOREIGN_KEY_CHECKS */;
/*!40014 SET UNIQUE_CHECKS=@OLD_UNIQUE_CHECKS */;
/*!40101 SET CHARACTER_SET_CLIENT=@OLD_CHARACTER_SET_CLIENT */;
/*!40101 SET CHARACTER_SET_RESULTS=@OLD_CHARACTER_SET_RESULTS */;
/*!40101 SET COLLATION_CONNECTION=@OLD_COLLATION_CONNECTION */;
/*!40111 SET SQL_NOTES=@OLD_SQL_NOTES */;

DELIMITER ;;
create trigger tr_users_au
after update on users 
for each ROW
BEGIN
	if (NEW.user_state = 0) then 
		--   
		delete from link_usr_to_usr where user_id = new.user_id;
	end if;
END;;
DELIMITER ;
-- Dump completed on 2016-11-09 20:41:13
